student_id,exam_id
S0001,COMP108
S0001,ECON303
S0001,PHIL108
S0001,PSYC103
S0001,PSYC105
S0001,PSYC203
S0001,PSYC207
S0002,COMP104
S0002,COMP109
S0002,COMP205
S0002,COMP304
S0002,PSYC104
S0003,ECON204
S0003,MATH104
S0003,MATH205
S0003,MATH305
S0003,PHIL101
S0004,ECON208
S0004,MATH105
S0004,MATH208
S0004,MATH209
S0004,PSYC102
S0005,ECON403
S0005,PHIL401
S0005,PHIL404
S0005,PHIL503
S0005,PHIL506
S0005,STAT102
S0006,MATH106
S0006,PSYC201
S0006,PSYC203
S0006,PSYC207
S0006,STAT106
S0007,COMP102
S0007,COMP205
S0007,COMP209
S0007,PHIL306
S0007,PSYC103
S0008,COMP109
S0008,COMP201
S0008,COMP207
S0008,COMP208
S0008,PHIL101
S0008,PHIL105
S0008,PSYC106
S0009,COMP101
S0009,ECON404
S0009,MATH301
S0009,MATH309
S0009,MATH405
S0009,MATH508
S0010,PSYC102
S0010,PSYC108
S0010,PSYC208
S0011,ECON102
S0011,ECON204
S0011,ECON207
S0011,PHIL106
S0011,PSYC106
S0011,STAT302
S0012,COMP202
S0012,COMP203
S0012,COMP209
S0012,COMP301
S0012,COMP306
S0012,COMP307
S0013,STAT101
S0013,STAT105
S0013,STAT108
S0013,STAT204
S0013,STAT304
S0013,STAT308
S0014,COMP104
S0014,COMP105
S0014,COMP109
S0014,COMP203
S0014,ECON305
S0014,PHIL203
S0014,PSYC202
S0015,COMP109
S0015,COMP202
S0015,COMP207
S0015,ECON106
S0015,STAT101
S0016,PHIL103
S0016,STAT302
S0016,STAT303
S0016,STAT308
S0016,STAT404
S0016,STAT406
S0017,ECON102
S0017,ECON103
S0017,ECON104
S0017,ECON201
S0017,ECON204
S0017,ECON205
S0017,ECON302
S0018,MATH109
S0018,PHIL304
S0018,PHIL307
S0018,PHIL402
S0018,PHIL406
S0018,PHIL502
S0019,STAT105
S0019,STAT108
S0019,STAT203
S0019,STAT204
S0019,STAT207
S0020,MATH204
S0020,MATH209
S0020,MATH306
S0020,MATH309
S0020,MATH401
S0020,MATH407
S0020,PHIL108
S0021,COMP309
S0021,MATH108
S0021,PSYC406
S0021,PSYC407
S0021,PSYC505
S0021,PSYC507
S0022,ECON205
S0022,ECON304
S0022,ECON305
S0022,ECON308
S0022,MATH303
S0022,PSYC106
S0023,COMP105
S0023,COMP109
S0023,COMP203
S0023,COMP209
S0023,PHIL102
S0023,STAT101
S0023,STAT201
S0024,ECON107
S0024,ECON204
S0024,ECON207
S0025,COMP106
S0025,COMP203
S0025,COMP205
S0025,COMP206
S0025,ECON205
S0026,PHIL208
S0026,PHIL307
S0026,PHIL405
S0027,ECON104
S0027,ECON105
S0027,ECON108
S0027,ECON202
S0027,PSYC108
S0027,PSYC303
S0027,STAT104
S0028,COMP109
S0028,ECON401
S0028,ECON402
S0028,ECON407
S0028,ECON505
S0028,PHIL207
S0028,PSYC206
S0029,COMP307
S0029,MATH104
S0029,MATH108
S0029,MATH203
S0029,MATH208
S0029,PSYC105
S0029,PSYC107
S0030,COMP101
S0030,COMP207
S0030,MATH202
S0030,PSYC102
S0030,PSYC103
S0030,PSYC201
S0030,PSYC202
S0031,STAT208
S0031,STAT308
S0031,STAT407
S0032,COMP301
S0032,COMP307
S0032,COMP402
S0032,COMP407
S0032,ECON108
S0033,COMP103
S0033,COMP209
S0033,COMP308
S0034,MATH205
S0034,PSYC302
S0034,PSYC304
S0034,PSYC401
S0034,PSYC404
S0034,PSYC405
S0035,ECON106
S0035,MATH108
S0035,MATH202
S0035,MATH209
S0035,STAT101
S0036,STAT102
S0036,STAT104
S0036,STAT205
S0036,STAT207
S0036,STAT208
S0037,ECON103
S0037,ECON104
S0037,ECON107
S0037,ECON208
S0038,ECON301
S0038,ECON305
S0038,ECON404
S0038,MATH103
S0038,PSYC102
S0038,PSYC108
S0039,MATH101
S0039,PSYC306
S0039,PSYC407
S0039,PSYC503
S0039,PSYC507
S0039,STAT308
S0040,COMP307
S0040,ECON205
S0040,ECON301
S0040,ECON402
S0040,ECON406
S0040,STAT105
S0041,COMP201
S0041,MATH301
S0041,PSYC103
S0041,PSYC104
S0041,PSYC201
S0041,PSYC207
S0042,COMP303
S0042,MATH405
S0042,MATH407
S0042,MATH501
S0042,STAT106
S0043,MATH205
S0043,PSYC205
S0043,PSYC207
S0043,PSYC305
S0043,PSYC306
S0043,PSYC404
S0043,PSYC406
S0044,ECON102
S0044,STAT107
S0044,STAT108
S0044,STAT203
S0044,STAT207
S0044,STAT305
S0044,STAT307
S0045,COMP103
S0045,COMP109
S0045,ECON104
S0045,STAT106
S0045,STAT302
S0046,ECON106
S0046,PSYC401
S0046,PSYC408
S0046,PSYC504
S0046,PSYC505
S0046,STAT308
S0047,COMP102
S0047,COMP302
S0047,MATH107
S0047,MATH202
S0047,MATH208
S0047,MATH209
S0048,COMP206
S0048,COMP305
S0048,COMP402
S0048,COMP404
S0048,ECON204
S0048,STAT107
S0049,ECON304
S0049,ECON305
S0049,ECON307
S0049,ECON402
S0049,ECON407
S0049,ECON408
S0050,PSYC206
S0050,PSYC307
S0050,PSYC308
S0050,PSYC401
S0050,PSYC406
S0050,STAT101
S0051,ECON103
S0051,MATH402
S0051,MATH404
S0051,MATH408
S0051,MATH506
S0051,PHIL404
S0051,STAT105
S0052,COMP101
S0052,ECON201
S0052,STAT106
S0052,STAT202
S0052,STAT208
S0053,COMP106
S0053,ECON108
S0053,ECON206
S0053,STAT102
S0054,COMP204
S0054,COMP208
S0054,COMP306
S0054,COMP307
S0054,COMP308
S0054,PHIL406
S0055,PHIL102
S0055,PHIL107
S0055,PHIL201
S0055,PHIL204
S0055,PHIL205
S0055,PSYC302
S0055,STAT107
S0056,ECON105
S0056,ECON406
S0056,PSYC205
S0056,PSYC302
S0056,PSYC404
S0056,PSYC405
S0057,COMP105
S0057,COMP108
S0057,COMP109
S0057,COMP205
S0057,COMP206
S0057,COMP309
S0058,PHIL107
S0058,PSYC104
S0058,PSYC108
S0058,PSYC205
S0058,PSYC308
S0058,STAT105
S0059,COMP101
S0059,COMP205
S0059,MATH101
S0059,MATH202
S0060,ECON101
S0060,PSYC201
S0060,PSYC202
S0060,PSYC203
S0060,PSYC303
S0060,PSYC401
S0061,STAT102
S0061,STAT103
S0061,STAT108
S0061,STAT202
S0061,STAT203
S0061,STAT205
S0062,COMP303
S0062,PSYC101
S0062,STAT105
S0062,STAT108
S0062,STAT203
S0063,COMP103
S0063,STAT105
S0063,STAT107
S0063,STAT108
S0063,STAT204
S0064,COMP401
S0064,MATH206
S0064,STAT302
S0064,STAT307
S0064,STAT406
S0064,STAT501
S0064,STAT504
S0065,MATH309
S0065,PSYC204
S0065,PSYC208
S0065,PSYC308
S0065,STAT308
S0066,COMP403
S0066,COMP408
S0066,COMP506
S0066,COMP507
S0066,STAT106
S0067,MATH104
S0067,MATH205
S0067,PSYC208
S0067,PSYC401
S0067,PSYC402
S0067,PSYC405
S0068,MATH107
S0068,MATH109
S0068,MATH208
S0068,PSYC106
S0068,PSYC108
S0068,STAT105
S0069,ECON102
S0069,ECON107
S0069,ECON108
S0069,ECON304
S0069,MATH106
S0069,PHIL102
S0069,PHIL108
S0070,PHIL108
S0070,PHIL201
S0070,PHIL203
S0070,PHIL206
S0071,ECON202
S0071,MATH105
S0071,PHIL101
S0071,PHIL102
S0071,PHIL206
S0071,PHIL308
S0072,ECON308
S0072,ECON401
S0072,ECON405
S0072,PHIL301
S0072,STAT106
S0073,COMP102
S0073,COMP106
S0073,COMP109
S0073,COMP207
S0073,STAT107
S0074,COMP103
S0074,COMP204
S0074,COMP205
S0074,COMP206
S0075,ECON108
S0075,MATH106
S0075,MATH203
S0075,MATH206
S0075,MATH208
S0075,PSYC206
S0076,PHIL102
S0076,PHIL203
S0077,COMP307
S0077,COMP308
S0077,COMP406
S0077,COMP506
S0077,COMP508
S0078,COMP208
S0078,ECON406
S0078,ECON503
S0078,ECON504
S0078,ECON505
S0078,PHIL207
S0079,ECON403
S0079,ECON503
S0079,PHIL101
S0079,PHIL108
S0079,STAT101
S0080,ECON103
S0080,ECON108
S0080,ECON201
S0080,ECON207
S0081,PHIL106
S0081,STAT108
S0081,STAT201
S0081,STAT206
S0081,STAT207
S0082,ECON304
S0082,MATH108
S0082,PSYC104
S0082,PSYC108
S0082,PSYC202
S0082,PSYC206
S0082,PSYC207
S0083,COMP108
S0083,COMP109
S0083,COMP201
S0083,COMP203
S0083,COMP206
S0084,COMP101
S0084,ECON101
S0084,ECON103
S0084,ECON202
S0084,ECON203
S0084,PSYC205
S0084,STAT107
S0085,MATH109
S0085,MATH203
S0085,PSYC102
S0085,STAT106
S0085,STAT202
S0086,MATH109
S0086,MATH202
S0086,MATH204
S0086,MATH206
S0086,MATH303
S0087,COMP306
S0087,COMP404
S0087,COMP501
S0087,MATH105
S0087,PHIL304
S0087,PSYC205
S0088,COMP101
S0088,COMP106
S0088,COMP203
S0088,ECON107
S0088,MATH105
S0089,PHIL204
S0089,STAT103
S0089,STAT105
S0089,STAT107
S0089,STAT202
S0090,COMP302
S0090,COMP401
S0090,COMP403
S0090,COMP406
S0090,COMP501
S0090,COMP508
S0091,COMP103
S0091,PHIL102
S0091,PHIL103
S0091,PHIL202
S0091,PHIL306
S0091,STAT202
S0092,PHIL204
S0092,PHIL302
S0092,PHIL307
S0092,PHIL402
S0092,PSYC105
S0092,PSYC107
S0093,COMP101
S0093,COMP204
S0093,COMP206
S0093,COMP208
S0093,MATH104
S0093,PHIL305
S0094,COMP102
S0094,COMP104
S0094,MATH105
S0094,MATH209
S0094,MATH309
S0095,COMP103
S0095,ECON204
S0095,ECON208
S0095,ECON308
S0095,ECON401
S0096,COMP209
S0096,MATH102
S0096,MATH107
S0096,MATH109
S0096,MATH207
S0096,PSYC101
S0096,STAT205
S0097,MATH306
S0097,STAT105
S0097,STAT202
S0097,STAT204
S0097,STAT208
S0098,COMP108
S0098,MATH105
S0098,MATH205
S0098,PSYC102
S0098,PSYC105
S0099,ECON106
S0099,ECON201
S0099,ECON203
S0099,ECON208
S0099,MATH101
S0099,MATH108
S0100,COMP103
S0100,ECON106
S0100,PSYC203
S0100,PSYC204
S0100,PSYC206
S0101,MATH103
S0101,MATH308
S0101,PHIL306
S0101,PHIL403
S0101,PHIL501
S0101,PHIL502
S0101,PHIL506
S0102,COMP407
S0102,COMP409
S0102,COMP501
S0102,COMP508
S0102,ECON305
S0102,PSYC108
S0103,MATH201
S0103,MATH207
S0103,MATH302
S0103,MATH405
S0103,MATH408
S0104,MATH305
S0104,MATH308
S0104,MATH402
S0104,MATH407
S0104,MATH505
S0104,PSYC107
S0104,PSYC402
S0105,ECON406
S0105,ECON407
S0105,ECON501
S0105,ECON503
S0105,ECON505
S0106,COMP301
S0106,COMP401
S0106,COMP407
S0106,COMP502
S0106,COMP509
S0107,MATH208
S0107,PHIL101
S0107,PSYC108
S0107,PSYC201
S0107,STAT203
S0108,MATH309
S0108,MATH405
S0108,MATH508
S0109,COMP105
S0109,COMP204
S0109,COMP206
S0109,MATH101
S0109,MATH104
S0109,PSYC102
S0110,PHIL103
S0110,PHIL201
S0110,PHIL207
S0111,PHIL102
S0111,PHIL103
S0111,PHIL104
S0111,PHIL204
S0111,PHIL306
S0111,STAT104
S0112,MATH101
S0112,MATH103
S0112,MATH207
S0112,PSYC104
S0112,STAT101
S0113,ECON106
S0113,ECON503
S0113,PSYC103
S0113,PSYC108
S0113,PSYC204
S0113,PSYC205
S0113,PSYC301
S0114,COMP402
S0114,COMP407
S0114,COMP408
S0114,COMP507
S0114,ECON106
S0114,MATH306
S0115,MATH106
S0115,MATH107
S0115,MATH202
S0116,MATH108
S0116,MATH109
S0116,MATH202
S0116,MATH207
S0116,STAT202
S0117,MATH106
S0117,PHIL305
S0117,STAT104
S0117,STAT107
S0117,STAT207
S0117,STAT208
S0118,COMP102
S0118,MATH101
S0118,PHIL102
S0118,PSYC101
S0118,PSYC205
S0118,PSYC206
S0119,COMP107
S0119,COMP108
S0119,MATH301
S0119,STAT305
S0119,STAT407
S0120,ECON103
S0120,ECON106
S0120,STAT207
S0120,STAT305
S0120,STAT306
S0120,STAT401
S0120,STAT403
S0121,PHIL105
S0121,PHIL106
S0121,PHIL202
S0121,PHIL206
S0121,PSYC306
S0122,COMP107
S0122,STAT101
S0122,STAT202
S0122,STAT206
S0122,STAT208
S0123,PHIL102
S0123,PHIL103
S0123,PHIL108
S0123,PHIL202
S0123,STAT106
S0123,STAT108
S0124,PHIL101
S0124,PHIL108
S0124,PHIL208
S0124,PHIL304
S0124,STAT305
S0125,STAT104
S0125,STAT201
S0125,STAT202
S0126,MATH101
S0126,MATH105
S0126,MATH202
S0126,MATH209
S0126,MATH307
S0127,ECON101
S0127,PSYC302
S0127,STAT108
S0127,STAT202
S0127,STAT204
S0127,STAT208
S0128,MATH303
S0128,PHIL205
S0128,STAT203
S0128,STAT403
S0128,STAT407
S0129,COMP101
S0129,COMP108
S0129,COMP109
S0129,COMP203
S0129,STAT201
S0130,COMP202
S0130,PHIL103
S0130,STAT301
S0130,STAT304
S0130,STAT307
S0131,COMP202
S0131,COMP208
S0131,COMP306
S0131,COMP402
S0131,COMP406
S0131,PHIL201
S0131,PHIL304
S0132,PHIL102
S0132,PHIL104
S0132,PHIL201
S0132,PHIL203
S0132,PHIL301
S0132,PHIL304
S0132,PHIL308
S0133,COMP307
S0133,MATH308
S0133,PHIL303
S0133,PHIL401
S0133,PHIL406
S0133,PHIL505
S0133,PHIL508
S0134,COMP402
S0134,COMP403
S0134,COMP404
S0134,COMP504
S0134,ECON102
S0134,ECON105
S0134,PSYC103
S0135,PHIL205
S0135,PHIL208
S0135,PHIL302
S0135,PHIL305
S0135,PHIL306
S0135,PHIL405
S0136,COMP202
S0136,MATH104
S0136,PHIL104
S0136,PHIL201
S0136,PHIL204
S0137,PHIL202
S0137,PHIL305
S0137,PHIL308
S0137,PHIL402
S0137,PHIL404
S0138,COMP307
S0138,COMP405
S0138,COMP502
S0138,ECON106
S0138,STAT206
S0139,PHIL104
S0139,PHIL105
S0139,PHIL108
S0139,PHIL201
S0139,PHIL207
S0140,COMP109
S0140,PHIL104
S0140,PSYC206
S0140,PSYC301
S0140,PSYC307
S0141,COMP107
S0141,MATH403
S0141,PSYC303
S0141,PSYC304
S0141,PSYC402
S0141,PSYC404
S0141,STAT203
S0142,COMP101
S0142,ECON203
S0142,STAT402
S0142,STAT405
S0142,STAT408
S0143,ECON202
S0143,MATH309
S0143,MATH405
S0143,MATH408
S0143,MATH508
S0143,MATH509
S0143,PHIL204
S0144,STAT305
S0144,STAT402
S0144,STAT407
S0144,STAT502
S0144,STAT505
S0144,STAT508
S0145,ECON308
S0145,ECON402
S0145,MATH108
S0145,PSYC104
S0145,PSYC208
S0146,COMP206
S0146,COMP209
S0146,COMP405
S0146,COMP409
S0146,ECON101
S0146,ECON402
S0146,PHIL104
S0147,STAT101
S0147,STAT103
S0147,STAT104
S0147,STAT204
S0147,STAT303
S0147,STAT305
S0147,STAT307
S0148,COMP105
S0148,MATH207
S0148,PSYC402
S0148,PSYC404
S0148,PSYC408
S0148,PSYC508
S0149,COMP104
S0149,COMP109
S0149,COMP209
S0149,MATH203
S0149,PSYC306
S0150,COMP101
S0150,COMP102
S0150,COMP205
S0150,ECON102
S0150,PSYC207
S0151,COMP201
S0151,COMP206
S0151,COMP402
S0151,COMP406
S0151,PSYC106
S0151,PSYC108
S0152,ECON104
S0152,MATH201
S0152,MATH204
S0152,MATH401
S0152,STAT107
S0153,COMP202
S0153,ECON106
S0153,MATH104
S0153,MATH108
S0153,PSYC107
S0154,MATH108
S0154,MATH202
S0154,MATH205
S0154,MATH302
S0154,PSYC304
S0154,STAT304
S0155,ECON201
S0155,MATH208
S0155,MATH308
S0155,MATH401
S0155,MATH408
S0155,STAT102
S0155,STAT504
S0156,MATH108
S0156,PHIL207
S0156,PSYC307
S0156,PSYC401
S0156,PSYC508
S0157,MATH307
S0157,MATH309
S0157,MATH401
S0157,MATH408
S0157,MATH409
S0158,COMP104
S0158,ECON107
S0158,PSYC303
S0158,PSYC408
S0158,PSYC508
S0159,COMP104
S0159,ECON304
S0159,ECON306
S0159,ECON307
S0159,ECON404
S0159,PHIL406
S0160,PHIL201
S0160,PHIL203
S0160,PHIL205
S0160,PHIL308
S0160,PHIL403
S0161,COMP308
S0161,MATH107
S0161,STAT208
S0161,STAT306
S0161,STAT403
S0162,PHIL208
S0162,PHIL302
S0162,PHIL303
S0162,PHIL308
S0162,STAT206
S0163,PHIL205
S0163,PHIL308
S0163,PHIL405
S0164,STAT206
S0164,STAT308
S0164,STAT401
S0164,STAT403
S0164,STAT406
S0165,COMP107
S0165,COMP405
S0165,ECON302
S0165,PSYC103
S0165,PSYC106
S0165,PSYC207
S0165,PSYC208
S0166,COMP304
S0166,COMP407
S0166,COMP503
S0166,COMP509
S0167,MATH108
S0167,PHIL101
S0167,PSYC103
S0167,PSYC201
S0167,PSYC205
S0168,COMP205
S0168,ECON303
S0168,ECON308
S0168,ECON402
S0168,ECON406
S0168,ECON503
S0168,ECON506
S0169,ECON306
S0169,ECON402
S0169,ECON405
S0169,ECON503
S0169,ECON508
S0169,PHIL101
S0169,PHIL404
S0170,MATH304
S0170,PHIL104
S0170,PHIL105
S0170,PHIL202
S0170,PHIL203
S0170,PHIL207
S0171,PSYC107
S0171,STAT302
S0171,STAT307
S0171,STAT407
S0171,STAT408
S0172,ECON101
S0172,ECON201
S0172,MATH102
S0172,MATH201
S0172,MATH306
S0173,ECON108
S0173,PHIL106
S0173,PHIL201
S0173,PHIL206
S0173,PHIL303
S0173,PHIL304
S0173,STAT205
S0174,PHIL107
S0174,PSYC202
S0174,PSYC203
S0174,PSYC205
S0174,STAT101
S0175,ECON104
S0175,PHIL102
S0175,PHIL104
S0175,PHIL204
S0175,PHIL302
S0175,PHIL308
S0175,STAT108
S0176,COMP403
S0176,PHIL201
S0176,PHIL303
S0176,PHIL304
S0176,PHIL403
S0177,COMP107
S0177,MATH405
S0177,PHIL201
S0177,PHIL305
S0177,PHIL307
S0177,PHIL403
S0177,PHIL405
S0178,COMP109
S0178,COMP202
S0178,COMP203
S0178,PHIL103
S0178,PHIL304
S0179,COMP108
S0179,ECON101
S0179,ECON103
S0179,ECON107
S0179,ECON203
S0179,ECON204
S0180,COMP208
S0180,ECON401
S0180,ECON506
S0180,ECON507
S0180,PSYC105
S0180,STAT401
S0181,COMP301
S0181,MATH106
S0181,PSYC305
S0181,PSYC404
S0181,PSYC504
S0181,PSYC507
S0182,MATH108
S0182,PHIL103
S0182,PSYC202
S0182,PSYC205
S0182,PSYC303
S0182,STAT105
S0183,COMP102
S0183,PSYC103
S0183,STAT106
S0183,STAT202
S0183,STAT207
S0183,STAT304
S0183,STAT308
S0184,ECON208
S0184,PSYC202
S0184,STAT205
S0184,STAT207
S0184,STAT304
S0184,STAT308
S0184,STAT403
S0185,ECON105
S0185,ECON107
S0185,ECON208
S0185,ECON302
S0185,ECON307
S0185,PHIL103
S0185,PSYC102
S0186,COMP103
S0186,MATH208
S0186,MATH306
S0186,MATH309
S0186,MATH404
S0186,MATH408
S0186,STAT207
S0187,MATH202
S0187,MATH205
S0187,MATH304
S0187,MATH309
S0187,MATH409
S0188,PHIL101
S0188,PHIL103
S0188,PHIL107
S0188,PHIL205
S0188,PHIL208
S0189,ECON301
S0189,ECON304
S0189,ECON406
S0189,ECON407
S0189,ECON408
S0189,ECON508
S0190,COMP303
S0190,ECON101
S0190,ECON103
S0190,ECON107
S0190,ECON201
S0190,MATH203
S0191,COMP502
S0191,PHIL201
S0191,PSYC101
S0191,STAT102
S0191,STAT201
S0191,STAT208
S0192,COMP209
S0192,MATH202
S0192,PHIL104
S0192,PHIL208
S0192,PSYC104
S0193,MATH101
S0193,MATH108
S0193,MATH208
S0193,PHIL301
S0193,PSYC401
S0194,ECON101
S0194,PHIL105
S0194,PHIL203
S0194,PHIL302
S0194,PHIL304
S0195,ECON304
S0195,MATH202
S0195,MATH205
S0195,MATH304
S0195,MATH405
S0195,PHIL105
S0195,PSYC106
S0196,ECON101
S0196,STAT102
S0196,STAT106
S0196,STAT201
S0196,STAT203
S0196,STAT301
S0196,STAT303
S0197,COMP208
S0197,COMP304
S0197,COMP306
S0197,COMP307
S0197,COMP403
S0197,COMP407
S0198,ECON104
S0198,PHIL208
S0198,PHIL301
S0198,PHIL305
S0198,PHIL307
S0198,PHIL402
S0198,PSYC308
S0199,COMP103
S0199,ECON104
S0199,ECON202
S0199,ECON205
S0199,ECON302
S0199,ECON304
S0199,STAT404
S0200,COMP109
S0200,COMP201
S0200,COMP209
S0200,PHIL204
S0200,STAT105
S0201,ECON101
S0201,ECON108
S0201,MATH106
S0201,MATH202
S0201,MATH205
S0202,ECON107
S0202,ECON201
S0202,ECON305
S0202,ECON306
S0202,MATH502
S0202,PHIL202
S0203,PHIL202
S0203,PSYC106
S0203,STAT102
S0203,STAT104
S0203,STAT207
S0204,COMP303
S0204,MATH203
S0204,STAT206
S0204,STAT303
S0204,STAT308
S0204,STAT404
S0204,STAT407
S0205,COMP108
S0205,COMP109
S0205,COMP203
S0205,COMP205
S0205,PSYC208
S0205,STAT206
S0206,STAT107
S0206,STAT203
S0206,STAT205
S0207,COMP105
S0207,COMP201
S0207,COMP207
S0207,COMP209
S0207,ECON307
S0207,MATH101
S0207,PSYC506
S0208,ECON303
S0208,ECON307
S0208,ECON404
S0208,ECON501
S0208,MATH308
S0208,PSYC105
S0209,COMP101
S0209,PHIL101
S0209,PHIL104
S0209,PHIL106
S0209,PHIL202
S0209,PSYC202
S0210,ECON204
S0210,ECON207
S0210,ECON208
S0210,ECON301
S0210,ECON305
S0210,ECON306
S0210,ECON403
S0211,COMP206
S0211,COMP406
S0211,MATH104
S0211,MATH205
S0211,STAT307
S0212,ECON106
S0212,PHIL102
S0212,PHIL106
S0212,PHIL202
S0212,PHIL203
S0212,PHIL208
S0213,ECON202
S0213,ECON306
S0213,ECON307
S0213,ECON401
S0213,ECON405
S0213,ECON407
S0214,ECON103
S0214,MATH104
S0214,MATH209
S0214,PSYC103
S0215,MATH201
S0215,MATH301
S0215,MATH304
S0215,MATH307
S0215,MATH402
S0215,MATH403
S0215,MATH407
S0216,COMP107
S0216,MATH108
S0216,MATH201
S0216,MATH203
S0216,PSYC105
S0217,ECON201
S0217,ECON206
S0217,ECON304
S0217,PSYC208
S0217,PSYC305
S0218,COMP207
S0218,COMP303
S0218,COMP402
S0218,COMP404
S0218,COMP409
S0218,PHIL406
S0218,PSYC104
S0219,PSYC101
S0219,PSYC104
S0219,STAT206
S0219,STAT307
S0219,STAT404
S0219,STAT406
S0220,PHIL303
S0220,PSYC305
S0220,STAT102
S0220,STAT104
S0220,STAT203
S0220,STAT208
S0220,STAT307
S0221,ECON405
S0221,PHIL106
S0221,PHIL203
S0221,PHIL204
S0221,PHIL305
S0222,ECON201
S0222,ECON203
S0222,ECON206
S0222,ECON305
S0222,ECON406
S0222,ECON408
S0223,COMP104
S0223,COMP307
S0223,ECON301
S0223,PSYC103
S0223,PSYC203
S0223,PSYC204
S0223,PSYC208
S0224,ECON408
S0224,PHIL204
S0224,PSYC108
S0224,PSYC206
S0225,COMP109
S0225,PHIL102
S0225,STAT103
S0225,STAT205
S0225,STAT207
S0226,ECON108
S0226,MATH203
S0226,PHIL103
S0226,PHIL202
S0226,PHIL203
S0226,PHIL204
S0227,COMP109
S0227,MATH403
S0227,MATH405
S0227,MATH509
S0227,PHIL107
S0227,STAT107
S0228,MATH107
S0228,MATH201
S0228,MATH203
S0228,MATH206
S0228,PSYC202
S0228,STAT104
S0229,PHIL203
S0229,PSYC201
S0229,PSYC206
S0229,PSYC302
S0229,PSYC402
S0229,STAT305
S0230,COMP205
S0230,PHIL201
S0230,PHIL206
S0230,PHIL407
S0230,STAT107
S0231,ECON101
S0231,ECON105
S0231,ECON206
S0231,MATH204
S0231,PSYC108
S0232,COMP201
S0232,COMP203
S0232,COMP208
S0232,COMP304
S0232,COMP406
S0232,ECON105
S0233,ECON301
S0233,ECON305
S0233,ECON307
S0233,ECON401
S0233,ECON403
S0233,ECON406
S0233,ECON507
S0234,COMP102
S0234,PSYC202
S0234,PSYC301
S0234,PSYC306
S0234,PSYC401
S0235,ECON305
S0235,PHIL107
S0235,PHIL202
S0235,PHIL307
S0235,STAT105
S0236,STAT103
S0236,STAT201
S0236,STAT205
S0236,STAT208
S0237,COMP206
S0237,MATH207
S0237,MATH303
S0237,MATH403
S0237,MATH408
S0238,ECON104
S0238,MATH103
S0238,PHIL105
S0238,PHIL207
S0238,PHIL208
S0238,STAT105
S0239,ECON102
S0239,ECON104
S0239,MATH102
S0239,PHIL202
S0239,PHIL206
S0239,PHIL208
S0240,PHIL103
S0240,PHIL107
S0240,PHIL201
S0240,PHIL303
S0240,PHIL304
S0240,PSYC205
S0240,STAT105
S0241,COMP203
S0241,PHIL406
S0241,STAT107
S0241,STAT201
S0242,ECON103
S0242,ECON105
S0242,ECON108
S0242,ECON204
S0242,STAT107
S0243,PSYC205
S0243,PSYC302
S0243,PSYC307
S0243,PSYC308
S0243,PSYC401
S0244,ECON202
S0244,ECON205
S0244,ECON305
S0244,ECON307
S0244,PSYC108
S0245,PSYC203
S0245,PSYC302
S0245,PSYC403
S0245,PSYC407
S0246,COMP106
S0246,COMP108
S0246,STAT101
S0246,STAT106
S0246,STAT202
S0246,STAT206
S0247,COMP104
S0247,ECON303
S0247,PHIL102
S0247,PSYC101
S0247,PSYC106
S0247,PSYC207
S0247,PSYC302
S0248,ECON206
S0248,ECON301
S0248,ECON305
S0248,ECON308
S0248,ECON401
S0248,ECON402
S0249,ECON106
S0249,ECON108
S0249,ECON207
S0250,ECON203
S0250,ECON204
S0250,ECON301
S0250,ECON303
S0250,ECON403
S0250,MATH103
S0251,ECON106
S0251,MATH403
S0251,MATH504
S0251,MATH507
S0251,STAT303
S0252,COMP207
S0252,ECON306
S0252,PSYC101
S0252,PSYC304
S0252,STAT206
S0253,PSYC103
S0253,PSYC105
S0253,PSYC207
S0253,PSYC301
S0253,PSYC302
S0254,MATH301
S0254,PHIL208
S0254,PSYC203
S0254,PSYC206
S0254,PSYC304
S0254,PSYC307
S0255,COMP103
S0255,MATH302
S0255,MATH304
S0255,MATH404
S0255,MATH406
S0255,PHIL204
S0256,COMP209
S0256,ECON201
S0256,MATH107
S0256,MATH201
S0256,PHIL104
S0257,MATH101
S0257,PHIL304
S0257,PHIL308
S0257,PHIL403
S0257,PHIL404
S0257,STAT103
S0258,ECON108
S0258,PHIL303
S0258,PHIL308
S0258,PHIL402
S0258,PHIL406
S0258,PSYC303
S0258,STAT305
S0259,ECON102
S0259,MATH301
S0259,PSYC103
S0259,PSYC205
S0259,PSYC207
S0259,PSYC208
S0260,PSYC206
S0260,STAT207
S0260,STAT301
S0260,STAT305
S0260,STAT307
S0260,STAT403
S0261,ECON104
S0261,PHIL105
S0261,PHIL204
S0261,PHIL205
S0261,STAT303
S0262,ECON104
S0262,STAT101
S0262,STAT102
S0262,STAT107
S0262,STAT201
S0262,STAT206
S0263,MATH105
S0263,PSYC108
S0263,STAT103
S0263,STAT104
S0263,STAT206
S0263,STAT303
S0263,STAT305
S0264,ECON103
S0264,ECON106
S0264,ECON108
S0264,ECON202
S0264,ECON205
S0264,MATH206
S0265,PHIL101
S0265,PHIL103
S0265,PHIL107
S0265,PHIL202
S0266,MATH105
S0266,PHIL101
S0266,PHIL205
S0266,PHIL208
S0266,PHIL302
S0266,PHIL308
S0266,PSYC105
S0267,COMP103
S0267,ECON107
S0267,MATH202
S0267,PHIL107
S0267,PHIL202
S0267,PHIL305
S0268,ECON307
S0268,MATH108
S0268,MATH202
S0268,MATH301
S0268,MATH308
S0268,STAT104
S0269,ECON107
S0269,PHIL101
S0269,PHIL106
S0269,PHIL203
S0269,PHIL302
S0269,STAT304
S0270,ECON205
S0270,ECON306
S0270,ECON307
S0270,ECON402
S0270,ECON405
S0270,ECON407
S0271,MATH105
S0271,MATH201
S0271,MATH207
S0271,MATH307
S0271,PSYC105
S0271,PSYC107
S0272,COMP103
S0272,ECON108
S0272,STAT105
S0272,STAT107
S0272,STAT202
S0273,PSYC106
S0273,PSYC203
S0273,PSYC206
S0274,ECON205
S0274,ECON208
S0274,ECON301
S0274,PSYC306
S0274,STAT401
S0275,COMP204
S0275,ECON201
S0275,MATH107
S0275,MATH203
S0275,MATH204
S0275,MATH305
S0275,PSYC104
S0276,ECON208
S0276,ECON308
S0276,MATH202
S0276,MATH205
S0276,MATH306
S0277,PSYC104
S0277,PSYC201
S0277,PSYC202
S0277,PSYC207
S0278,COMP207
S0278,PSYC304
S0278,PSYC307
S0278,PSYC408
S0278,PSYC503
S0278,PSYC507
S0278,STAT206
S0279,ECON107
S0279,PHIL407
S0279,PSYC103
S0279,PSYC105
S0279,PSYC206
S0279,STAT108
S0280,MATH102
S0280,MATH307
S0280,PHIL201
S0280,PSYC101
S0280,PSYC207
S0280,PSYC208
S0281,ECON101
S0281,MATH107
S0281,STAT103
S0281,STAT108
S0281,STAT207
S0282,ECON203
S0282,ECON303
S0282,MATH107
S0282,MATH201
S0282,PSYC506
S0283,COMP102
S0283,COMP103
S0283,COMP307
S0283,COMP308
S0283,PSYC203
S0283,STAT108
S0284,COMP108
S0284,COMP204
S0284,COMP209
S0284,MATH306
S0284,PHIL103
S0285,MATH104
S0285,MATH205
S0285,PHIL101
S0285,PHIL105
S0285,PHIL206
S0285,PHIL207
S0286,MATH103
S0286,MATH106
S0286,MATH109
S0286,MATH206
S0287,PSYC101
S0287,PSYC102
S0287,PSYC104
S0287,PSYC203
S0287,PSYC207
S0288,MATH201
S0288,MATH302
S0288,MATH304
S0288,MATH305
S0288,MATH409
S0289,COMP308
S0289,COMP404
S0289,COMP503
S0289,COMP508
S0289,PSYC105
S0289,STAT107
S0290,COMP107
S0290,COMP108
S0290,COMP206
S0290,COMP301
S0290,COMP305
S0290,COMP307
S0291,ECON102
S0291,ECON106
S0291,ECON206
S0291,ECON304
S0291,ECON307
S0292,PHIL102
S0292,PHIL205
S0292,PHIL308
S0292,PSYC303
S0292,PSYC405
S0293,ECON107
S0293,MATH307
S0293,STAT104
S0293,STAT107
S0293,STAT201
S0293,STAT204
S0293,STAT207
S0294,ECON103
S0294,ECON204
S0294,ECON205
S0294,ECON306
S0294,ECON308
S0294,PSYC101
S0295,ECON302
S0295,ECON408
S0295,ECON508
S0295,MATH108
S0295,PHIL103
S0296,PHIL103
S0296,PHIL107
S0296,PHIL201
S0296,PHIL204
S0296,PHIL206
S0297,COMP108
S0297,COMP109
S0297,COMP205
S0297,COMP303
S0297,COMP307
S0297,ECON104
S0297,PHIL205
S0298,ECON302
S0298,ECON305
S0298,ECON402
S0298,ECON505
S0298,ECON506
S0298,STAT201
S0298,STAT207
S0299,MATH102
S0299,PSYC202
S0299,PSYC205
S0299,PSYC303
S0299,PSYC401
S0299,PSYC406
S0299,STAT305
S0300,COMP203
S0300,MATH109
S0300,MATH202
S0300,PHIL105
S0300,PHIL204
S0301,MATH204
S0301,MATH308
S0301,MATH404
S0302,MATH305
S0302,MATH403
S0302,MATH405
S0302,MATH407
S0302,PSYC205
S0303,ECON405
S0303,PHIL206
S0303,PHIL307
S0303,PHIL406
S0303,PHIL407
S0303,PSYC106
S0304,ECON101
S0304,ECON104
S0304,ECON203
S0304,ECON305
S0304,ECON308
S0305,PSYC107
S0305,PSYC108
S0305,PSYC203
S0305,PSYC303
S0305,PSYC306
S0305,PSYC307
S0306,ECON107
S0306,ECON202
S0306,ECON208
S0306,MATH205
S0306,MATH409
S0306,PSYC407
S0307,ECON101
S0307,MATH308
S0307,STAT101
S0307,STAT103
S0307,STAT105
S0307,STAT205
S0308,COMP103
S0308,PHIL102
S0308,STAT303
S0308,STAT308
S0308,STAT407
S0309,COMP201
S0309,MATH203
S0309,MATH205
S0309,MATH405
S0309,PSYC108
S0310,COMP401
S0310,PHIL308
S0310,PHIL406
S0310,PHIL501
S0310,PHIL503
S0310,STAT107
S0311,COMP108
S0311,COMP109
S0311,COMP208
S0311,MATH102
S0311,PHIL201
S0312,COMP201
S0312,ECON202
S0312,ECON205
S0312,ECON301
S0312,ECON304
S0312,MATH104
S0312,PSYC105
S0313,COMP106
S0313,COMP204
S0313,COMP208
S0313,ECON307
S0313,PHIL101
S0314,STAT101
S0314,STAT104
S0314,STAT106
S0314,STAT201
S0314,STAT207
S0314,STAT208
S0314,STAT304
S0315,PHIL107
S0315,PSYC103
S0315,PSYC106
S0315,PSYC202
S0315,PSYC208
S0316,PHIL102
S0316,PHIL202
S0316,PSYC201
S0316,PSYC304
S0316,PSYC307
S0316,PSYC308
S0316,PSYC401
S0317,STAT107
S0317,STAT205
S0318,MATH101
S0318,MATH209
S0318,MATH302
S0318,MATH305
S0318,MATH306
S0319,COMP105
S0319,COMP205
S0319,COMP209
S0319,MATH207
S0319,PHIL108
S0320,COMP106
S0320,MATH309
S0320,MATH403
S0320,MATH409
S0320,MATH502
S0320,MATH504
S0320,STAT201
S0321,ECON105
S0321,ECON107
S0321,ECON108
S0321,ECON202
S0321,ECON303
S0321,MATH406
S0322,COMP109
S0322,MATH108
S0322,PHIL101
S0322,PHIL102
S0322,PHIL305
S0322,PHIL307
S0322,STAT101
S0323,MATH102
S0323,PHIL106
S0323,STAT202
S0323,STAT303
S0323,STAT405
S0323,STAT408
S0324,PHIL101
S0324,PHIL103
S0324,PHIL204
S0324,PSYC101
S0324,PSYC107
S0324,STAT105
S0325,COMP107
S0325,COMP109
S0325,COMP201
S0325,PHIL203
S0325,PSYC104
S0326,ECON103
S0326,ECON104
S0326,ECON207
S0326,MATH304
S0326,STAT108
S0327,COMP102
S0327,MATH307
S0327,MATH403
S0327,MATH505
S0327,STAT202
S0328,COMP104
S0328,COMP202
S0329,MATH104
S0329,MATH203
S0329,PHIL105
S0329,PSYC106
S0329,PSYC207
S0330,MATH102
S0330,MATH107
S0330,MATH202
S0330,MATH204
S0330,PHIL103
S0331,MATH202
S0331,MATH207
S0331,PSYC105
S0331,PSYC106
S0331,PSYC108
S0331,PSYC201
S0332,MATH206
S0332,MATH306
S0332,MATH401
S0332,MATH402
S0332,MATH403
S0333,PSYC308
S0333,PSYC403
S0333,PSYC502
S0333,PSYC504
S0333,PSYC507
S0334,PHIL105
S0334,PHIL107
S0334,PHIL108
S0334,PHIL205
S0334,PHIL304
S0334,PHIL305
S0335,COMP407
S0335,PSYC202
S0335,PSYC203
S0335,PSYC301
S0335,PSYC304
S0335,PSYC306
S0336,PHIL304
S0336,PSYC104
S0336,PSYC106
S0336,PSYC302
S0336,STAT208
S0337,PHIL205
S0337,PHIL207
S0337,PHIL302
S0337,PHIL405
S0337,STAT206
S0338,ECON205
S0338,MATH105
S0338,MATH109
S0338,MATH202
S0338,PHIL102
S0339,ECON103
S0339,ECON107
S0339,ECON203
S0339,MATH303
S0339,PSYC106
S0340,PHIL105
S0340,PSYC107
S0340,STAT108
S0340,STAT201
S0340,STAT204
S0340,STAT302
S0341,COMP201
S0341,COMP308
S0341,COMP403
S0341,MATH206
S0341,PHIL208
S0342,COMP206
S0342,PSYC104
S0342,PSYC106
S0342,PSYC108
S0342,PSYC203
S0342,PSYC206
S0342,PSYC208
S0343,COMP106
S0343,COMP204
S0343,COMP206
S0343,COMP209
S0343,PHIL205
S0343,PSYC103
S0344,COMP109
S0344,ECON101
S0344,ECON206
S0344,PSYC107
S0345,MATH105
S0345,MATH206
S0345,MATH209
S0345,PSYC302
S0345,STAT208
S0346,MATH107
S0346,MATH209
S0346,PHIL104
S0346,PHIL106
S0346,PHIL203
S0346,STAT104
S0347,COMP101
S0347,PHIL204
S0347,STAT103
S0347,STAT107
S0347,STAT203
S0348,MATH101
S0348,MATH204
S0348,MATH309
S0348,PHIL507
S0348,STAT403
S0349,ECON102
S0349,ECON406
S0349,PSYC302
S0349,PSYC308
S0349,PSYC407
S0349,PSYC502
S0350,MATH103
S0350,MATH206
S0350,MATH208
S0350,PHIL106
S0350,PSYC306
S0351,ECON301
S0351,ECON303
S0351,ECON408
S0351,STAT102
S0351,STAT107
S0352,COMP104
S0352,COMP107
S0352,COMP108
S0352,MATH209
S0352,PSYC108
S0353,COMP402
S0353,COMP404
S0353,COMP407
S0353,ECON107
S0353,MATH309
S0354,COMP204
S0354,COMP206
S0354,COMP303
S0354,COMP306
S0354,COMP309
S0354,COMP405
S0355,PHIL103
S0355,PHIL105
S0355,PHIL108
S0355,PHIL204
S0355,PHIL207
S0355,PHIL208
S0356,ECON301
S0356,ECON405
S0356,ECON406
S0356,ECON505
S0356,PHIL203
S0356,PSYC106
S0357,ECON108
S0357,MATH105
S0357,PSYC101
S0357,PSYC105
S0357,PSYC107
S0357,PSYC201
S0358,COMP101
S0358,COMP108
S0358,COMP207
S0358,COMP208
S0358,PHIL102
S0359,PHIL101
S0359,PHIL104
S0359,PHIL202
S0359,PHIL203
S0359,PHIL206
S0360,ECON101
S0360,PHIL205
S0360,PSYC103
S0360,PSYC104
S0360,PSYC106
S0360,PSYC201
S0360,PSYC205
S0361,COMP203
S0361,ECON202
S0361,ECON302
S0361,ECON306
S0361,ECON405
S0362,ECON102
S0362,ECON105
S0362,ECON205
S0362,ECON305
S0362,PHIL208
S0363,MATH206
S0363,PSYC305
S0363,PSYC308
S0363,PSYC406
S0363,PSYC408
S0363,PSYC503
S0363,STAT108
S0364,MATH201
S0364,MATH306
S0364,MATH401
S0364,MATH402
S0364,PHIL103
S0364,STAT102
S0365,MATH306
S0365,PSYC106
S0365,PSYC206
S0365,PSYC303
S0365,PSYC304
S0365,PSYC308
S0366,PSYC105
S0366,PSYC106
S0366,PSYC108
S0366,PSYC204
S0366,PSYC205
S0366,PSYC303
S0366,PSYC305
S0367,PHIL202
S0367,PHIL203
S0367,PHIL207
S0367,PHIL302
S0367,PHIL408
S0367,PSYC107
S0367,STAT307
S0368,COMP302
S0368,COMP306
S0368,COMP403
S0368,COMP406
S0368,COMP502
S0368,ECON108
S0369,MATH103
S0369,MATH106
S0369,MATH202
S0370,COMP102
S0370,PSYC101
S0370,PSYC104
S0370,PSYC108
S0370,PSYC203
S0370,STAT103
S0371,PHIL201
S0371,PHIL301
S0371,PHIL304
S0371,PHIL308
S0371,PHIL408
S0372,COMP308
S0372,MATH109
S0372,MATH201
S0372,MATH203
S0372,MATH205
S0372,PHIL105
S0373,ECON203
S0373,ECON302
S0373,ECON305
S0373,ECON404
S0373,STAT208
S0374,COMP308
S0374,PSYC302
S0374,PSYC304
S0374,PSYC306
S0374,PSYC404
S0374,STAT102
S0375,PSYC301
S0375,PSYC304
S0375,PSYC407
S0375,PSYC501
S0375,PSYC503
S0375,PSYC505
S0376,COMP105
S0376,PHIL104
S0376,STAT102
S0376,STAT107
S0376,STAT108
S0376,STAT203
S0376,STAT307
S0377,ECON106
S0377,MATH104
S0377,STAT303
S0377,STAT304
S0377,STAT507
S0377,STAT508
S0378,MATH104
S0378,MATH205
S0378,STAT102
S0378,STAT203
S0378,STAT208
S0378,STAT303
S0378,STAT307
S0379,ECON202
S0379,ECON205
S0379,ECON307
S0379,ECON403
S0379,ECON405
S0379,MATH307
S0379,STAT201
S0380,COMP104
S0380,COMP107
S0380,COMP203
S0381,COMP103
S0381,COMP108
S0381,COMP202
S0381,ECON201
S0381,MATH109
S0382,PSYC304
S0382,PSYC308
S0382,PSYC405
S0382,PSYC407
S0382,PSYC504
S0382,PSYC506
S0383,COMP108
S0383,MATH105
S0383,MATH201
S0383,MATH209
S0383,STAT102
S0384,ECON104
S0384,ECON107
S0384,ECON205
S0384,ECON206
S0384,ECON304
S0384,ECON307
S0384,ECON308
S0385,COMP202
S0385,ECON201
S0385,ECON204
S0385,ECON306
S0385,ECON401
S0385,ECON402
S0386,ECON104
S0386,MATH103
S0386,MATH106
S0386,MATH107
S0386,MATH204
S0386,STAT105
S0387,COMP207
S0387,COMP209
S0387,COMP306
S0387,COMP409
S0387,ECON107
S0387,PHIL206
S0388,COMP102
S0388,COMP204
S0388,COMP206
S0388,COMP208
S0388,PSYC101
S0388,STAT101
S0389,PSYC301
S0389,PSYC305
S0389,PSYC407
S0389,PSYC501
S0389,PSYC505
S0389,PSYC508
S0389,STAT101
S0390,STAT205
S0390,STAT307
S0390,STAT404
S0390,STAT407
S0391,PHIL101
S0391,PSYC101
S0391,PSYC105
S0391,PSYC203
S0391,PSYC204
S0391,PSYC307
S0391,STAT202
S0392,COMP109
S0392,ECON106
S0392,PHIL107
S0392,PHIL207
S0392,PSYC103
S0393,ECON206
S0393,PSYC204
S0393,STAT307
S0393,STAT408
S0393,STAT503
S0394,MATH109
S0394,MATH208
S0394,MATH308
S0394,PSYC208
S0394,STAT101
S0394,STAT103
S0395,STAT206
S0395,STAT305
S0395,STAT306
S0395,STAT308
S0395,STAT402
S0395,STAT404
S0396,COMP108
S0396,PHIL102
S0396,PHIL108
S0396,PHIL202
S0396,PHIL303
S0396,PHIL307
S0396,STAT104
S0397,COMP101
S0397,COMP209
S0397,COMP302
S0397,COMP308
S0397,ECON103
S0397,MATH109
S0398,MATH107
S0398,PHIL101
S0398,PHIL208
S0398,PHIL303
S0398,PHIL307
S0398,STAT108
S0398,STAT208
S0399,PSYC108
S0399,PSYC201
S0399,PSYC207
S0399,PSYC208
S0400,PSYC102
S0400,PSYC202
S0400,PSYC205
S0400,STAT207
S0400,STAT307
S0401,ECON103
S0401,ECON105
S0401,ECON202
S0401,PSYC108
S0401,STAT203
S0402,PHIL307
S0402,PHIL406
S0402,PHIL408
S0402,PHIL505
S0402,PSYC104
S0402,STAT306
S0403,ECON407
S0403,ECON505
S0403,MATH208
S0403,MATH309
S0403,STAT205
S0404,PSYC101
S0404,PSYC106
S0404,PSYC206
S0404,PSYC308
S0405,MATH407
S0405,STAT204
S0405,STAT205
S0405,STAT303
S0405,STAT307
S0406,PSYC302
S0406,PSYC401
S0406,PSYC405
S0406,PSYC406
S0406,PSYC504
S0406,STAT103
S0407,COMP103
S0407,ECON201
S0407,ECON206
S0407,ECON301
S0407,ECON407
S0408,ECON104
S0408,ECON201
S0408,ECON206
S0408,MATH209
S0408,PHIL104
S0408,PSYC203
S0409,COMP106
S0409,MATH308
S0409,PHIL105
S0409,PHIL107
S0409,PHIL203
S0409,PHIL206
S0410,ECON201
S0410,PHIL107
S0410,STAT201
S0410,STAT303
S0410,STAT305
S0410,STAT306
S0411,MATH303
S0411,MATH307
S0411,MATH508
S0411,PHIL105
S0411,PHIL408
S0412,ECON108
S0412,PHIL104
S0412,PSYC307
S0412,PSYC401
S0412,PSYC502
S0412,STAT103
S0413,COMP303
S0413,COMP304
S0413,COMP308
S0413,COMP408
S0413,COMP505
S0414,MATH303
S0414,MATH305
S0414,MATH404
S0414,MATH405
S0414,MATH406
S0415,MATH104
S0415,MATH202
S0415,STAT303
S0415,STAT307
S0415,STAT401
S0416,COMP107
S0416,ECON107
S0416,ECON204
S0416,ECON302
S0416,PSYC107
S0417,ECON103
S0417,PHIL305
S0417,PHIL401
S0417,PHIL501
S0417,PHIL508
S0417,PSYC107
S0417,STAT207
S0418,STAT103
S0418,STAT104
S0418,STAT108
S0418,STAT201
S0418,STAT205
S0418,STAT208
S0419,ECON207
S0419,MATH105
S0419,PHIL303
S0419,PHIL307
S0419,PHIL401
S0419,PHIL405
S0419,PHIL507
S0420,ECON105
S0420,ECON106
S0420,MATH108
S0420,MATH109
S0420,MATH207
S0421,ECON105
S0421,ECON201
S0421,MATH302
S0421,STAT108
S0421,STAT207
S0422,COMP103
S0422,COMP201
S0422,COMP308
S0422,MATH106
S0422,MATH107
S0423,COMP407
S0423,PHIL101
S0423,PHIL108
S0423,PHIL203
S0423,PSYC307
S0423,STAT101
S0424,ECON105
S0424,PHIL204
S0424,PHIL207
S0424,PHIL305
S0424,PHIL406
S0424,PHIL408
S0425,ECON303
S0425,ECON305
S0425,ECON501
S0425,ECON502
S0425,ECON503
S0425,STAT103
S0426,PHIL102
S0426,PHIL103
S0426,PSYC202
S0426,PSYC204
S0426,PSYC206
S0426,PSYC305
S0426,PSYC307
S0427,COMP203
S0427,MATH109
S0427,STAT204
S0427,STAT205
S0427,STAT206
S0428,COMP107
S0428,MATH206
S0428,MATH504
S0428,PSYC202
S0428,PSYC203
S0428,PSYC204
S0428,PSYC308
S0429,ECON201
S0429,PHIL201
S0429,PHIL203
S0429,PHIL301
S0429,PHIL407
S0429,PSYC105
S0429,PSYC208
S0430,STAT107
S0430,STAT205
S0430,STAT207
S0430,STAT301
S0430,STAT302
S0431,COMP302
S0431,COMP401
S0431,COMP503
S0432,ECON207
S0432,MATH105
S0432,MATH205
S0432,PHIL107
S0432,PHIL204
S0432,PHIL206
S0433,PHIL308
S0433,PSYC306
S0433,PSYC401
S0433,PSYC405
S0433,PSYC508
S0433,STAT305
S0434,COMP203
S0434,COMP208
S0434,ECON103
S0434,ECON207
S0434,PHIL107
S0435,COMP305
S0435,MATH108
S0435,MATH205
S0435,MATH206
S0435,MATH305
S0436,COMP102
S0436,PHIL205
S0436,PHIL207
S0436,PHIL304
S0436,PHIL307
S0436,PHIL403
S0436,PSYC206
S0437,MATH309
S0437,MATH402
S0437,MATH408
S0437,MATH503
S0438,ECON107
S0438,ECON202
S0438,ECON204
S0438,ECON205
S0438,ECON307
S0439,STAT402
S0439,STAT501
S0439,STAT507
S0439,STAT508
S0440,COMP102
S0440,COMP201
S0440,COMP203
S0440,PHIL107
S0440,PHIL307
S0441,ECON201
S0441,ECON207
S0441,ECON301
S0441,PHIL106
S0441,STAT406
S0442,ECON102
S0442,ECON106
S0442,ECON108
S0442,ECON202
S0442,MATH403
S0442,STAT204
S0443,PHIL202
S0443,PHIL205
S0443,PHIL207
S0443,PHIL308
S0443,PSYC304
S0444,MATH101
S0444,MATH307
S0444,PHIL304
S0444,PHIL405
S0444,PHIL408
S0445,ECON106
S0445,ECON107
S0445,PHIL105
S0445,PHIL107
S0445,PHIL207
S0445,STAT307
S0446,COMP102
S0446,COMP103
S0446,COMP201
S0446,COMP206
S0446,COMP207
S0446,PSYC302
S0447,MATH106
S0447,MATH108
S0447,MATH109
S0447,MATH201
S0447,MATH207
S0448,MATH305
S0448,PHIL103
S0448,PSYC204
S0448,PSYC405
S0448,PSYC407
S0449,COMP201
S0449,COMP305
S0449,COMP404
S0449,COMP408
S0449,MATH201
S0450,COMP408
S0450,COMP501
S0450,COMP502
S0450,COMP503
S0450,ECON107
S0450,MATH104
S0450,PSYC103
S0451,PHIL306
S0451,PSYC107
S0451,PSYC201
S0451,PSYC208
S0451,PSYC306
S0452,COMP207
S0452,ECON103
S0452,ECON104
S0452,ECON207
S0452,PHIL104
S0453,COMP303
S0453,ECON204
S0453,ECON205
S0453,ECON305
S0453,PSYC203
S0454,COMP201
S0454,MATH303
S0454,MATH307
S0454,MATH402
S0454,MATH404
S0454,PHIL303
S0455,ECON101
S0455,ECON108
S0455,ECON205
S0455,PHIL108
S0455,PSYC207
S0456,MATH203
S0456,MATH304
S0456,MATH308
S0456,MATH405
S0456,MATH409
S0456,PHIL103
S0457,PHIL101
S0457,PHIL105
S0457,PHIL108
S0457,PHIL201
S0457,PHIL207
S0457,PHIL208
S0457,PHIL305
S0458,PHIL106
S0458,PHIL202
S0458,PHIL204
S0458,PHIL207
S0458,PHIL308
S0459,COMP106
S0459,MATH106
S0459,PSYC302
S0459,PSYC402
S0459,STAT103
S0460,COMP105
S0460,COMP202
S0460,COMP309
S0460,PHIL106
S0460,STAT102
S0461,COMP101
S0461,PSYC302
S0461,PSYC305
S0461,PSYC402
S0461,PSYC403
S0461,PSYC406
S0462,COMP309
S0462,COMP402
S0462,COMP403
S0462,COMP506
S0462,COMP507
S0462,PHIL305
S0462,STAT104
S0463,ECON102
S0463,ECON105
S0463,ECON106
S0463,ECON207
S0463,MATH204
S0464,COMP102
S0464,STAT304
S0464,STAT305
S0464,STAT308
S0464,STAT401
S0464,STAT405
S0465,PHIL301
S0465,PHIL305
S0465,PHIL308
S0465,PHIL401
S0465,PHIL505
S0466,PHIL402
S0466,PHIL406
S0466,PHIL502
S0466,PHIL506
S0466,PHIL507
S0467,COMP105
S0467,ECON103
S0467,MATH103
S0467,MATH108
S0467,MATH209
S0468,COMP503
S0468,COMP504
S0468,COMP506
S0468,MATH103
S0468,PHIL108
S0468,STAT201
S0469,MATH205
S0469,MATH207
S0469,MATH307
S0469,MATH402
S0469,MATH405
S0469,MATH409
S0469,PSYC103
S0470,ECON303
S0470,PSYC106
S0470,PSYC107
S0470,PSYC108
S0470,PSYC205
S0470,STAT108
S0471,MATH108
S0471,MATH203
S0471,MATH205
S0471,MATH209
S0471,PHIL108
S0471,PHIL202
S0472,MATH106
S0472,MATH108
S0472,MATH204
S0472,MATH205
S0472,MATH207
S0472,PSYC406
S0473,COMP304
S0473,ECON201
S0473,STAT105
S0473,STAT108
S0473,STAT205
S0473,STAT208
S0473,STAT308
S0474,PSYC203
S0474,PSYC204
S0474,PSYC205
S0474,PSYC301
S0474,PSYC306
S0475,ECON105
S0475,PSYC103
S0475,PSYC106
S0475,PSYC204
S0475,PSYC205
S0475,STAT104
S0476,ECON107
S0476,PHIL402
S0476,PHIL502
S0476,PHIL503
S0476,STAT303
S0477,COMP304
S0477,COMP305
S0477,COMP406
S0477,COMP408
S0477,COMP506
S0478,COMP304
S0478,MATH102
S0478,MATH108
S0478,MATH203
S0478,PHIL302
S0479,STAT103
S0479,STAT201
S0479,STAT307
S0480,ECON107
S0480,ECON201
S0480,ECON206
S0480,MATH201
S0480,PHIL107
S0481,COMP103
S0481,COMP106
S0481,COMP202
S0481,COMP208
S0481,MATH302
S0482,PSYC104
S0482,PSYC105
S0482,PSYC204
S0482,STAT105
S0482,STAT106
S0483,PSYC305
S0483,PSYC308
S0483,PSYC401
S0483,PSYC504
S0483,PSYC508
S0484,ECON201
S0484,PHIL203
S0484,PSYC103
S0484,PSYC205
S0484,PSYC206
S0484,STAT207
S0485,MATH304
S0485,PSYC108
S0485,STAT208
S0485,STAT305
S0485,STAT401
S0485,STAT406
S0486,PSYC104
S0486,PSYC202
S0486,PSYC204
S0486,PSYC304
S0486,PSYC305
S0486,PSYC306
S0487,ECON105
S0487,MATH405
S0487,MATH503
S0487,MATH508
S0487,PSYC306
S0488,ECON105
S0488,PSYC206
S0488,STAT203
S0488,STAT302
S0488,STAT304
S0488,STAT305
S0489,MATH503
S0489,MATH506
S0489,MATH509
S0489,PSYC304
S0489,STAT303
S0489,STAT402
S0490,PHIL202
S0490,PHIL205
S0490,PHIL302
S0490,PHIL303
S0490,PHIL304
S0491,COMP109
S0491,MATH102
S0491,MATH203
S0491,MATH206
S0491,STAT107
S0492,COMP206
S0492,COMP208
S0492,COMP303
S0492,COMP306
S0492,COMP405
S0492,COMP407
S0492,STAT205
S0493,COMP107
S0493,MATH208
S0493,PSYC304
S0493,PSYC401
S0493,PSYC406
S0494,ECON201
S0494,PSYC101
S0494,PSYC108
S0494,PSYC203
S0494,STAT104
S0494,STAT107
S0495,ECON206
S0495,MATH204
S0495,PHIL104
S0495,STAT106
S0495,STAT204
S0495,STAT207
S0496,MATH407
S0496,PHIL202
S0496,PHIL206
S0496,PHIL302
S0496,PHIL401
S0496,PHIL403
S0496,STAT206
S0497,COMP105
S0497,COMP108
S0497,COMP204
S0497,COMP205
S0497,STAT201
S0498,MATH201
S0498,MATH309
S0498,MATH401
S0498,MATH404
S0498,MATH408
S0498,STAT107
S0499,ECON104
S0499,ECON304
S0499,PHIL206
S0499,PHIL301
S0499,STAT307
S0500,COMP104
S0500,COMP107
S0500,COMP207
S0500,COMP302
S0500,MATH105
S0500,PHIL102
S0501,ECON201
S0501,ECON204
S0501,ECON205
S0501,ECON301
S0501,PHIL407
S0501,PSYC208
S0501,STAT205
S0502,COMP105
S0502,COMP201
S0503,COMP204
S0503,PSYC206
S0503,PSYC307
S0503,PSYC402
S0503,PSYC403
S0503,STAT106
S0504,MATH207
S0504,PHIL101
S0504,PHIL108
S0504,PHIL206
S0504,STAT101
S0505,MATH103
S0505,MATH202
S0505,MATH308
S0505,STAT101
S0505,STAT204
S0505,STAT207
S0506,ECON306
S0506,ECON401
S0506,ECON405
S0506,ECON507
S0506,PHIL102
S0506,STAT406
S0507,PHIL101
S0507,PHIL107
S0507,PHIL204
S0507,PHIL205
S0507,PHIL206
S0508,MATH106
S0508,PHIL103
S0508,PSYC104
S0508,STAT302
S0508,STAT304
S0508,STAT305
S0508,STAT507
S0509,COMP106
S0509,COMP206
S0509,COMP207
S0509,ECON102
S0509,MATH109
S0509,PHIL104
S0510,MATH107
S0510,PHIL203
S0510,PHIL204
S0510,PHIL208
S0510,PHIL303
S0510,PHIL306
S0510,STAT108
S0511,COMP108
S0511,COMP304
S0511,ECON106
S0511,STAT103
S0511,STAT201
S0511,STAT206
S0512,ECON305
S0512,PHIL107
S0512,PHIL407
S0512,PSYC101
S0512,PSYC202
S0513,COMP105
S0513,COMP109
S0513,COMP206
S0513,COMP304
S0513,COMP306
S0514,ECON302
S0514,ECON503
S0514,ECON505
S0514,MATH109
S0514,PHIL107
S0515,STAT202
S0515,STAT304
S0515,STAT307
S0515,STAT402
S0515,STAT403
S0515,STAT405
S0516,ECON102
S0516,ECON107
S0516,ECON208
S0516,ECON301
S0516,ECON306
S0517,MATH205
S0517,MATH301
S0517,MATH404
S0517,PHIL102
S0517,STAT102
S0518,MATH103
S0518,MATH108
S0518,PHIL107
S0518,PHIL203
S0518,PHIL204
S0518,PHIL307
S0519,PHIL206
S0519,PSYC201
S0519,PSYC304
S0519,PSYC305
S0519,PSYC308
S0519,STAT305
S0520,COMP209
S0520,MATH205
S0520,PSYC103
S0520,PSYC203
S0520,PSYC205
S0521,ECON103
S0521,ECON105
S0521,ECON202
S0521,MATH104
S0521,STAT105
S0522,PSYC102
S0522,PSYC204
S0522,PSYC208
S0523,ECON101
S0523,ECON107
S0523,PSYC106
S0523,PSYC206
S0523,PSYC301
S0523,PSYC306
S0523,STAT104
S0524,PHIL308
S0524,PHIL405
S0524,PHIL505
S0524,PSYC102
S0524,STAT108
S0525,ECON204
S0525,ECON205
S0525,ECON404
S0525,ECON408
S0525,PHIL107
S0525,PSYC107
S0526,PHIL101
S0526,PHIL103
S0526,PHIL106
S0526,PHIL205
S0526,STAT106
S0527,COMP306
S0527,COMP403
S0527,COMP404
S0527,COMP501
S0527,COMP506
S0528,STAT101
S0528,STAT107
S0528,STAT201
S0528,STAT202
S0529,COMP108
S0529,PSYC202
S0529,PSYC306
S0529,PSYC308
S0529,PSYC402
S0529,PSYC404
S0529,PSYC408
S0530,COMP105
S0530,COMP109
S0530,COMP203
S0530,ECON102
S0530,MATH206
S0531,COMP101
S0531,ECON106
S0531,ECON306
S0531,STAT205
S0531,STAT308
S0531,STAT404
S0531,STAT405
S0532,PSYC203
S0532,PSYC308
S0532,PSYC403
S0532,PSYC405
S0532,PSYC408
S0533,COMP202
S0533,COMP207
S0533,COMP301
S0533,COMP309
S0533,COMP404
S0533,COMP409
S0534,COMP309
S0534,ECON303
S0534,ECON307
S0534,ECON406
S0534,ECON505
S0534,MATH207
S0534,STAT108
S0535,MATH203
S0535,PSYC201
S0535,PSYC207
S0535,PSYC302
S0535,PSYC306
S0535,PSYC402
S0535,STAT103
S0536,MATH107
S0536,MATH205
S0536,MATH207
S0536,MATH209
S0536,PSYC106
S0536,PSYC207
S0537,ECON204
S0537,ECON401
S0537,PSYC101
S0537,PSYC103
S0537,PSYC202
S0538,ECON206
S0538,MATH103
S0538,PHIL202
S0538,STAT404
S0538,STAT408
S0538,STAT504
S0539,MATH106
S0539,MATH206
S0539,MATH207
S0539,MATH303
S0539,PHIL304
S0539,PSYC102
S0540,MATH103
S0540,PHIL104
S0540,PHIL106
S0540,PHIL205
S0540,PHIL303
S0540,PHIL304
S0541,COMP105
S0541,MATH202
S0541,MATH207
S0541,MATH301
S0541,MATH305
S0541,MATH401
S0541,STAT108
S0542,COMP101
S0542,COMP106
S0542,COMP201
S0542,ECON107
S0542,PHIL107
S0543,COMP106
S0543,MATH103
S0543,PHIL105
S0543,PHIL201
S0543,PHIL202
S0543,PHIL305
S0543,PHIL306
S0544,ECON308
S0544,ECON402
S0544,ECON408
S0544,ECON502
S0544,ECON504
S0545,MATH105
S0545,PHIL104
S0545,PHIL107
S0545,PHIL201
S0545,PHIL206
S0545,PSYC102
S0546,MATH303
S0546,MATH305
S0546,MATH503
S0546,PSYC105
S0546,STAT107
S0547,COMP201
S0547,COMP205
S0547,PSYC103
S0547,PSYC105
S0547,PSYC201
S0547,PSYC304
S0547,PSYC305
S0548,ECON103
S0548,ECON105
S0548,ECON108
S0548,ECON202
S0548,ECON206
S0548,ECON207
S0549,ECON103
S0549,STAT302
S0549,STAT303
S0549,STAT402
S0549,STAT407
S0550,COMP205
S0550,COMP302
S0550,COMP401
S0550,MATH106
S0550,PSYC102
S0551,COMP102
S0551,MATH209
S0551,PSYC105
S0551,PSYC108
S0551,PSYC202
S0552,ECON307
S0552,ECON402
S0552,ECON503
S0552,ECON505
S0552,ECON508
S0553,ECON104
S0553,MATH101
S0553,PSYC105
S0553,STAT401
S0553,STAT504
S0553,STAT505
S0553,STAT507
S0554,ECON306
S0554,PSYC103
S0554,PSYC105
S0554,PSYC106
S0554,PSYC206
S0555,ECON101
S0555,MATH105
S0555,MATH106
S0555,MATH203
S0555,MATH301
S0555,PSYC107
S0555,PSYC208
S0556,COMP203
S0556,COMP206
S0556,PHIL306
S0556,PHIL307
S0556,PHIL401
S0556,PHIL407
S0557,ECON202
S0557,ECON302
S0557,ECON304
S0557,ECON308
S0557,ECON404
S0558,ECON303
S0558,STAT208
S0558,STAT301
S0558,STAT403
S0558,STAT404
S0558,STAT405
S0559,COMP309
S0559,ECON401
S0559,ECON402
S0559,ECON404
S0559,ECON502
S0559,ECON506
S0560,MATH108
S0560,PHIL106
S0560,PHIL108
S0560,PHIL201
S0560,PHIL308
S0561,MATH108
S0561,PSYC305
S0561,PSYC307
S0561,PSYC403
S0561,PSYC406
S0561,STAT304
S0562,COMP207
S0562,ECON406
S0562,ECON503
S0562,MATH304
S0562,PHIL107
S0563,MATH302
S0563,MATH403
S0563,MATH501
S0563,MATH505
S0563,MATH508
S0564,ECON104
S0564,PHIL101
S0564,PSYC104
S0564,PSYC303
S0564,PSYC305
S0564,PSYC306
S0565,COMP101
S0565,COMP105
S0565,COMP204
S0565,COMP205
S0565,STAT104
S0566,PHIL107
S0566,PSYC206
S0566,PSYC303
S0566,STAT103
S0566,STAT104
S0566,STAT201
S0566,STAT206
S0567,COMP106
S0567,ECON208
S0567,PSYC302
S0567,PSYC304
S0567,PSYC403
S0568,COMP107
S0568,PHIL104
S0568,PHIL205
S0568,PHIL207
S0568,PSYC103
S0569,COMP106
S0569,COMP205
S0569,COMP306
S0569,COMP308
S0569,STAT106
S0570,PSYC101
S0570,PSYC108
S0570,PSYC206
S0570,PSYC208
S0571,COMP106
S0571,PHIL204
S0571,PHIL301
S0571,PHIL402
S0571,PSYC104
S0572,PSYC103
S0572,PSYC202
S0573,MATH103
S0573,MATH104
S0573,MATH108
S0573,MATH208
S0573,MATH305
S0574,PSYC204
S0574,PSYC207
S0574,PSYC307
S0574,PSYC401
S0574,STAT308
S0575,COMP301
S0575,COMP304
S0575,COMP309
S0575,COMP404
S0575,COMP405
S0575,COMP409
S0576,PSYC105
S0576,PSYC208
S0576,PSYC302
S0577,COMP304
S0577,PSYC307
S0577,PSYC402
S0577,PSYC408
S0577,STAT104
S0578,ECON201
S0578,ECON207
S0578,ECON208
S0578,PHIL105
S0578,PSYC402
S0579,ECON102
S0579,ECON105
S0579,ECON204
S0579,ECON205
S0579,ECON207
S0579,MATH105
S0580,COMP107
S0580,COMP202
S0580,COMP301
S0580,STAT108
S0580,STAT205
S0581,ECON108
S0581,PHIL207
S0581,PSYC101
S0581,PSYC102
S0581,PSYC108
S0581,PSYC203
S0582,COMP409
S0582,COMP504
S0582,MATH302
S0582,STAT308
S0583,STAT307
S0583,STAT401
S0583,STAT405
S0583,STAT501
S0583,STAT502
S0584,MATH105
S0584,MATH205
S0584,MATH207
S0585,COMP202
S0585,COMP203
S0585,COMP301
S0585,COMP304
S0585,COMP402
S0585,PHIL302
S0586,COMP106
S0586,ECON104
S0586,MATH102
S0586,MATH107
S0586,MATH109
S0586,MATH203
S0587,MATH101
S0587,MATH102
S0587,MATH109
S0587,MATH205
S0587,PSYC404
S0587,STAT103
S0588,PHIL303
S0588,PHIL304
S0588,PHIL402
S0588,PHIL403
S0588,PHIL408
S0589,COMP106
S0589,COMP205
S0589,COMP303
S0589,COMP309
S0589,MATH102
S0589,PHIL305
S0590,ECON101
S0590,ECON107
S0590,ECON205
S0590,ECON207
S0590,MATH102
S0591,COMP105
S0591,PHIL103
S0591,PHIL106
S0591,PHIL202
S0591,PHIL208
S0592,COMP101
S0592,PSYC203
S0592,PSYC204
S0592,PSYC302
S0592,PSYC303
S0592,PSYC404
S0592,STAT102
S0593,MATH301
S0593,MATH306
S0593,MATH404
S0593,MATH502
S0593,MATH503
S0593,PSYC105
S0593,PSYC205
S0594,ECON201
S0594,ECON206
S0594,ECON303
S0594,ECON306
S0594,ECON405
S0594,ECON406
S0594,MATH308
S0595,MATH407
S0595,STAT301
S0595,STAT305
S0595,STAT401
S0595,STAT405
S0596,COMP106
S0596,MATH101
S0596,MATH106
S0596,MATH207
S0596,MATH208
S0596,PSYC207
S0597,MATH401
S0597,PSYC102
S0597,STAT102
S0597,STAT201
S0598,COMP206
S0598,COMP208
S0598,COMP301
S0598,COMP406
S0598,ECON105
S0598,PHIL101
S0599,MATH107
S0599,MATH201
S0599,MATH208
S0599,MATH209
S0599,MATH308
S0599,PHIL208
S0600,ECON104
S0600,ECON107
S0600,ECON108
S0600,ECON203
S0600,ECON205
S0600,ECON308
S0600,PSYC103
S0601,COMP107
S0601,COMP302
S0601,ECON305
S0601,ECON407
S0601,ECON502
S0601,STAT104
S0602,COMP109
S0602,COMP302
S0602,MATH101
S0602,MATH202
S0602,PSYC203
S0603,ECON301
S0603,ECON406
S0603,ECON501
S0603,ECON502
S0603,PSYC104
S0603,STAT207
S0603,STAT401
S0604,COMP301
S0604,COMP307
S0604,COMP404
S0604,PSYC102
S0604,PSYC107
S0605,COMP105
S0605,STAT103
S0605,STAT203
S0605,STAT207
S0605,STAT301
S0605,STAT302
S0605,STAT305
S0606,COMP205
S0606,COMP207
S0606,COMP307
S0606,COMP406
S0606,STAT103
S0607,PSYC202
S0607,PSYC205
S0607,PSYC305
S0607,PSYC308
S0607,STAT101
S0607,STAT106
S0608,PHIL302
S0608,PHIL304
S0608,PHIL407
S0608,PHIL503
S0608,PHIL507
S0608,PSYC106
S0608,PSYC107
S0609,ECON101
S0609,ECON203
S0609,ECON204
S0609,ECON208
S0609,ECON304
S0609,ECON305
S0610,PSYC203
S0610,PSYC206
S0610,PSYC208
S0610,PSYC302
S0610,PSYC308
S0610,PSYC401
S0611,COMP104
S0611,COMP105
S0611,COMP108
S0611,MATH107
S0611,PHIL101
S0612,COMP206
S0612,MATH104
S0612,MATH105
S0612,MATH107
S0612,MATH204
S0612,PHIL102
S0613,PSYC303
S0613,PSYC304
S0613,PSYC402
S0613,PSYC405
S0613,PSYC408
S0613,PSYC505
S0613,PSYC506
S0614,PSYC106
S0614,PSYC302
S0614,STAT103
S0614,STAT104
S0614,STAT207
S0614,STAT307
S0615,MATH106
S0615,MATH202
S0615,MATH208
S0616,ECON107
S0616,PSYC201
S0616,PSYC306
S0616,PSYC307
S0616,PSYC403
S0616,PSYC404
S0616,PSYC407
S0617,COMP401
S0617,ECON106
S0617,MATH109
S0617,MATH207
S0617,PHIL303
S0618,COMP103
S0618,COMP106
S0618,COMP108
S0618,COMP203
S0618,COMP306
S0619,PSYC302
S0619,PSYC304
S0619,PSYC402
S0619,PSYC403
S0619,PSYC406
S0620,ECON203
S0620,ECON207
S0620,ECON301
S0620,ECON406
S0620,MATH107
S0621,COMP109
S0621,COMP207
S0621,PHIL303
S0621,PHIL307
S0622,COMP406
S0622,PSYC202
S0622,PSYC305
S0622,PSYC307
S0622,PSYC403
S0622,PSYC407
S0623,COMP201
S0623,ECON308
S0623,ECON403
S0623,ECON407
S0623,ECON408
S0623,PHIL201
S0624,COMP302
S0624,PHIL104
S0624,PHIL202
S0624,PHIL207
S0624,PHIL302
S0624,PHIL306
S0624,STAT103
S0625,ECON203
S0625,ECON204
S0625,ECON304
S0625,ECON403
S0625,MATH208
S0625,PSYC108
S0625,STAT202
S0626,COMP108
S0626,PSYC105
S0626,PSYC202
S0626,PSYC303
S0626,PSYC304
S0627,MATH103
S0627,MATH107
S0627,PSYC105
S0627,PSYC204
S0627,PSYC207
S0628,COMP102
S0628,COMP504
S0628,PHIL201
S0628,PHIL202
S0628,PHIL305
S0628,PHIL408
S0628,STAT301
S0629,PSYC101
S0629,PSYC104
S0629,PSYC202
S0629,STAT205
S0629,STAT303
S0630,COMP104
S0630,COMP106
S0630,PSYC404
S0630,PSYC501
S0630,PSYC506
S0630,STAT302
S0631,COMP109
S0631,MATH108
S0631,PSYC301
S0631,PSYC304
S0631,PSYC306
S0632,MATH301
S0632,MATH304
S0632,MATH307
S0632,MATH402
S0632,PHIL106
S0632,PSYC207
S0633,STAT303
S0633,STAT305
S0633,STAT308
S0633,STAT401
S0633,STAT402
S0634,MATH103
S0634,MATH104
S0634,MATH203
S0635,STAT103
S0635,STAT107
S0635,STAT201
S0635,STAT205
S0635,STAT304
S0636,PHIL306
S0636,PSYC105
S0636,STAT101
S0636,STAT107
S0636,STAT201
S0637,MATH205
S0637,PHIL102
S0637,STAT205
S0637,STAT306
S0637,STAT407
S0638,ECON306
S0638,MATH101
S0638,MATH202
S0638,MATH203
S0638,PHIL104
S0638,PHIL107
S0639,MATH104
S0639,MATH201
S0639,MATH204
S0639,PHIL102
S0639,PSYC207
S0640,MATH109
S0640,PSYC101
S0640,PSYC107
S0640,PSYC201
S0640,PSYC208
S0640,PSYC301
S0641,PSYC101
S0641,PSYC103
S0641,PSYC107
S0641,PSYC207
S0642,ECON203
S0642,ECON301
S0642,MATH201
S0642,MATH204
S0642,MATH205
S0642,MATH305
S0643,COMP102
S0643,COMP103
S0643,PHIL201
S0643,PSYC102
S0643,STAT204
S0644,MATH103
S0644,MATH206
S0644,MATH207
S0644,MATH208
S0645,COMP409
S0645,PHIL102
S0645,PHIL104
S0645,PHIL206
S0645,PHIL207
S0645,PHIL301
S0646,ECON202
S0646,MATH104
S0646,MATH109
S0646,MATH204
S0646,PSYC104
S0647,PHIL208
S0647,PHIL304
S0647,PHIL307
S0647,PHIL401
S0647,PSYC105
S0648,COMP102
S0648,COMP201
S0648,COMP202
S0648,COMP205
S0648,ECON203
S0648,PSYC104
S0648,STAT301
S0649,MATH404
S0649,PSYC103
S0649,STAT105
S0649,STAT204
S0649,STAT207
S0649,STAT302
S0650,STAT303
S0650,STAT304
S0650,STAT305
S0650,STAT404
S0650,STAT406
S0650,STAT408
S0650,STAT508
S0651,ECON101
S0651,ECON104
S0651,ECON107
S0651,ECON205
S0651,ECON206
S0651,ECON207
S0652,COMP103
S0652,MATH201
S0652,MATH305
S0652,MATH403
S0652,MATH404
S0653,COMP405
S0653,COMP503
S0653,COMP506
S0653,STAT105
S0653,STAT308
S0654,ECON103
S0654,PHIL208
S0654,PHIL305
S0654,PHIL402
S0654,PHIL404
S0655,ECON205
S0655,ECON306
S0655,PHIL303
S0655,STAT404
S0655,STAT503
S0655,STAT508
S0656,ECON103
S0656,MATH103
S0656,MATH104
S0656,MATH201
S0656,STAT108
S0657,ECON103
S0657,ECON104
S0657,ECON206
S0657,ECON302
S0657,ECON308
S0657,MATH204
S0658,COMP107
S0658,ECON302
S0658,ECON306
S0658,ECON405
S0658,ECON406
S0658,ECON503
S0658,PHIL106
S0659,PHIL102
S0659,PHIL103
S0659,PHIL205
S0660,ECON305
S0660,ECON307
S0660,ECON503
S0660,ECON508
S0660,MATH109
S0661,MATH106
S0661,PHIL301
S0661,PHIL308
S0661,PHIL404
S0661,PHIL405
S0662,COMP107
S0662,ECON106
S0662,ECON202
S0662,ECON204
S0662,ECON207
S0662,STAT104
S0663,COMP102
S0663,COMP106
S0663,COMP201
S0663,COMP203
S0663,COMP307
S0663,COMP309
S0664,PHIL307
S0664,PHIL403
S0664,PHIL404
S0664,PHIL508
S0664,STAT106
S0664,STAT203
S0665,COMP203
S0665,COMP206
S0665,COMP309
S0665,COMP403
S0665,PSYC101
S0666,STAT102
S0666,STAT104
S0666,STAT201
S0666,STAT205
S0667,COMP407
S0667,ECON207
S0667,STAT108
S0667,STAT203
S0668,ECON108
S0668,MATH101
S0668,STAT102
S0668,STAT104
S0668,STAT106
S0668,STAT207
S0669,ECON103
S0669,MATH104
S0669,MATH105
S0669,MATH109
S0669,MATH202
S0669,MATH207
S0669,PSYC101
S0670,MATH101
S0670,MATH103
S0670,MATH109
S0670,MATH206
S0670,MATH207
S0670,STAT108
S0671,COMP101
S0671,COMP105
S0671,COMP204
S0671,COMP304
S0671,COMP309
S0672,COMP306
S0672,ECON104
S0672,ECON204
S0672,ECON206
S0672,MATH205
S0673,MATH104
S0673,PHIL103
S0673,PHIL107
S0673,PHIL205
S0673,PHIL208
S0673,PSYC406
S0674,COMP207
S0674,STAT101
S0674,STAT108
S0674,STAT203
S0674,STAT206
S0675,ECON204
S0675,ECON208
S0675,ECON308
S0675,ECON401
S0675,ECON408
S0675,PHIL304
S0675,STAT306
S0676,ECON202
S0676,MATH103
S0676,PSYC103
S0676,PSYC107
S0676,PSYC202
S0676,PSYC205
S0676,PSYC206
S0677,COMP404
S0677,COMP405
S0677,COMP408
S0677,COMP505
S0677,ECON105
S0677,PHIL203
S0677,STAT207
S0678,COMP109
S0678,COMP303
S0678,MATH406
S0678,STAT401
S0678,STAT405
S0678,STAT501
S0678,STAT505
S0679,ECON205
S0679,ECON301
S0679,MATH203
S0679,MATH207
S0679,MATH209
S0680,ECON306
S0680,ECON404
S0680,ECON502
S0680,ECON506
S0680,MATH305
S0680,PSYC107
S0681,MATH102
S0681,MATH106
S0681,MATH208
S0681,MATH209
S0681,STAT108
S0682,PHIL107
S0682,PHIL202
S0682,PHIL208
S0682,PSYC104
S0682,STAT108
S0683,COMP106
S0683,COMP201
S0683,COMP202
S0683,COMP207
S0683,MATH107
S0683,PSYC404
S0684,ECON201
S0684,MATH406
S0684,MATH407
S0684,MATH503
S0684,MATH504
S0684,PHIL204
S0685,COMP204
S0685,PHIL103
S0685,PHIL107
S0685,PHIL202
S0685,PHIL204
S0685,PHIL208
S0685,STAT203
S0686,COMP102
S0686,MATH204
S0686,MATH403
S0686,MATH405
S0686,PHIL102
S0687,ECON302
S0687,ECON304
S0687,ECON307
S0687,ECON401
S0687,ECON503
S0687,ECON504
S0688,COMP104
S0688,COMP106
S0688,COMP109
S0688,COMP206
S0688,COMP207
S0689,MATH204
S0689,MATH205
S0689,MATH307
S0689,MATH401
S0689,MATH407
S0690,PSYC203
S0690,PSYC206
S0690,PSYC207
S0690,PSYC302
S0690,PSYC307
S0690,PSYC308
S0691,ECON101
S0691,ECON108
S0691,ECON208
S0692,ECON101
S0692,ECON104
S0692,ECON204
S0692,ECON206
S0692,MATH108
S0692,STAT201
S0692,STAT305
S0693,COMP201
S0693,ECON107
S0693,ECON201
S0693,ECON307
S0693,PSYC406
S0694,STAT205
S0694,STAT302
S0694,STAT401
S0694,STAT402
S0694,STAT404
S0695,ECON303
S0695,ECON308
S0695,ECON407
S0695,ECON501
S0695,PSYC105
S0696,ECON306
S0696,MATH302
S0696,MATH504
S0696,STAT104
S0696,STAT307
S0697,PSYC101
S0697,PSYC103
S0697,PSYC106
S0697,STAT206
S0697,STAT207
S0697,STAT208
S0698,ECON101
S0698,PHIL105
S0698,PHIL205
S0698,STAT107
S0699,COMP201
S0699,COMP203
S0699,COMP303
S0699,COMP304
S0699,COMP307
S0700,MATH109
S0700,MATH201
S0700,MATH209
S0700,MATH305
S0700,MATH309
S0700,PSYC103
S0701,COMP106
S0701,ECON105
S0701,MATH105
S0701,MATH109
S0701,MATH207
S0701,MATH208
S0701,PSYC207
S0702,COMP103
S0702,ECON108
S0702,PSYC201
S0702,PSYC303
S0702,STAT308
S0703,MATH403
S0703,PHIL308
S0703,PHIL401
S0703,PHIL402
S0703,PHIL507
S0703,STAT102
S0704,COMP105
S0704,COMP106
S0704,PHIL307
S0704,PHIL408
S0704,STAT207
S0705,COMP105
S0705,COMP209
S0705,COMP309
S0705,ECON105
S0705,MATH204
S0706,MATH104
S0706,MATH308
S0706,PSYC106
S0706,PSYC108
S0706,PSYC205
S0706,PSYC208
S0707,PHIL308
S0707,PHIL404
S0707,STAT204
S0707,STAT208
S0707,STAT303
S0707,STAT307
S0707,STAT406
S0708,MATH309
S0708,MATH404
S0708,MATH504
S0708,MATH505
S0708,PSYC105
S0708,STAT101
S0709,COMP102
S0709,COMP106
S0709,COMP208
S0709,ECON107
S0709,MATH208
S0709,STAT103
S0710,COMP102
S0710,PHIL203
S0710,PHIL208
S0710,PHIL301
S0710,PHIL306
S0710,PHIL401
S0710,PHIL403
S0711,COMP309
S0711,PSYC203
S0711,PSYC301
S0711,PSYC305
S0711,PSYC406
S0711,STAT102
S0711,STAT104
S0712,COMP104
S0712,COMP108
S0712,COMP202
S0712,COMP301
S0712,COMP308
S0712,PSYC103
S0712,STAT105
S0713,MATH107
S0713,PSYC101
S0713,PSYC201
S0713,PSYC206
S0713,STAT103
S0713,STAT507
S0714,STAT201
S0714,STAT208
S0714,STAT303
S0714,STAT402
S0714,STAT405
S0714,STAT406
S0715,ECON103
S0715,ECON206
S0715,STAT101
S0715,STAT108
S0715,STAT202
S0716,COMP109
S0716,COMP204
S0716,PHIL307
S0716,PHIL404
S0716,PHIL407
S0716,PHIL505
S0717,COMP105
S0717,COMP307
S0717,COMP308
S0717,STAT103
S0717,STAT106
S0718,COMP106
S0718,COMP207
S0718,COMP209
S0718,ECON108
S0718,ECON202
S0719,COMP107
S0719,MATH103
S0719,MATH201
S0719,STAT104
S0720,ECON106
S0720,ECON201
S0720,ECON304
S0720,ECON308
S0720,PHIL101
S0720,PSYC203
S0721,MATH108
S0721,PHIL203
S0721,PSYC103
S0721,PSYC207
S0721,STAT407
S0722,MATH203
S0722,MATH208
S0722,MATH304
S0722,MATH406
S0722,PHIL105
S0722,STAT107
S0723,COMP209
S0723,COMP301
S0723,COMP402
S0723,COMP405
S0723,ECON102
S0724,COMP401
S0724,COMP407
S0724,COMP501
S0724,COMP502
S0724,ECON307
S0724,STAT201
S0725,PHIL102
S0725,PHIL104
S0725,PHIL203
S0725,PHIL205
S0725,PSYC306
S0725,STAT302
S0726,COMP101
S0726,COMP102
S0726,MATH203
S0726,STAT101
S0726,STAT102
S0726,STAT207
S0727,ECON306
S0727,ECON501
S0727,ECON504
S0727,MATH107
S0727,PHIL101
S0727,PSYC206
S0728,COMP105
S0728,MATH401
S0728,MATH404
S0728,MATH506
S0728,MATH509
S0729,ECON103
S0729,PSYC102
S0729,PSYC104
S0729,PSYC106
S0729,PSYC203
S0729,PSYC208
S0730,ECON101
S0730,ECON108
S0730,ECON203
S0730,ECON206
S0730,ECON303
S0731,MATH103
S0731,PHIL303
S0731,STAT101
S0731,STAT106
S0731,STAT208
S0731,STAT308
S0732,COMP209
S0732,PHIL103
S0732,PHIL108
S0732,PHIL207
S0732,PHIL208
S0732,STAT108
S0733,COMP102
S0733,COMP105
S0733,COMP106
S0733,COMP206
S0733,MATH106
S0733,MATH107
S0733,PSYC105
S0734,ECON103
S0734,PSYC101
S0734,PSYC108
S0734,PSYC204
S0734,PSYC302
S0734,PSYC304
S0734,PSYC307
S0735,PSYC304
S0735,PSYC306
S0735,PSYC402
S0735,PSYC405
S0735,STAT303
S0736,MATH106
S0736,MATH108
S0736,MATH203
S0736,MATH302
S0736,MATH303
S0736,MATH305
S0737,ECON307
S0737,MATH104
S0737,PSYC307
S0737,PSYC508
S0737,STAT102
S0738,ECON204
S0738,MATH105
S0738,PHIL304
S0738,PHIL406
S0738,PHIL505
S0738,PSYC106
S0739,MATH306
S0739,PHIL304
S0739,STAT101
S0739,STAT108
S0739,STAT207
S0739,STAT208
S0739,STAT305
S0740,COMP106
S0740,MATH302
S0740,PSYC105
S0740,PSYC108
S0740,PSYC306
S0741,PHIL107
S0741,PHIL208
S0741,PSYC104
S0741,PSYC203
S0741,STAT101
S0742,MATH305
S0742,PHIL203
S0742,STAT103
S0742,STAT104
S0742,STAT302
S0743,MATH102
S0743,MATH106
S0743,MATH207
S0743,MATH302
S0743,MATH307
S0743,STAT108
S0744,PSYC103
S0744,PSYC201
S0744,STAT102
S0744,STAT202
S0744,STAT204
S0745,COMP201
S0745,ECON107
S0745,PSYC205
S0745,STAT208
S0745,STAT307
S0745,STAT406
S0746,MATH206
S0746,PSYC205
S0746,PSYC305
S0746,PSYC406
S0746,PSYC407
S0747,ECON207
S0747,ECON303
S0747,ECON304
S0747,ECON308
S0747,PSYC102
S0748,ECON105
S0748,MATH103
S0748,PSYC106
S0748,PSYC203
S0748,STAT206
S0749,COMP205
S0749,COMP206
S0749,COMP207
S0749,COMP408
S0749,MATH102
S0749,STAT307
S0750,COMP104
S0750,COMP109
S0750,COMP201
S0750,COMP202
S0750,COMP302
S0750,COMP305
S0750,COMP308
S0751,ECON202
S0751,PHIL302
S0751,PSYC202
S0751,PSYC203
S0751,STAT307
S0752,COMP202
S0752,ECON108
S0752,STAT103
S0752,STAT107
S0752,STAT207
S0752,STAT303
S0753,COMP205
S0753,COMP301
S0753,ECON201
S0753,ECON302
S0753,PSYC302
S0754,PSYC106
S0754,PSYC204
S0754,PSYC206
S0755,COMP108
S0755,PSYC105
S0755,PSYC107
S0755,PSYC205
S0755,PSYC306
S0756,COMP104
S0756,COMP209
S0756,COMP304
S0756,PSYC402
S0756,STAT206
S0757,MATH102
S0757,MATH105
S0757,PHIL103
S0757,PHIL104
S0757,PHIL201
S0757,PHIL205
S0758,COMP106
S0758,COMP108
S0758,COMP204
S0758,COMP308
S0758,MATH102
S0759,MATH101
S0759,MATH202
S0759,MATH205
S0759,PSYC104
S0759,PSYC202
S0760,ECON208
S0760,ECON301
S0760,ECON403
S0761,STAT202
S0761,STAT205
S0761,STAT301
S0761,STAT308
S0761,STAT405
S0761,STAT407
S0762,ECON104
S0762,MATH105
S0762,PSYC101
S0762,PSYC201
S0762,PSYC208
S0763,STAT108
S0763,STAT202
S0763,STAT203
S0763,STAT206
S0764,ECON405
S0764,MATH205
S0764,PSYC103
S0764,PSYC108
S0764,PSYC203
S0765,ECON102
S0765,ECON107
S0765,ECON203
S0765,ECON205
S0766,COMP108
S0766,MATH206
S0766,MATH208
S0766,MATH209
S0766,PHIL205
S0767,COMP305
S0767,COMP306
S0767,ECON103
S0767,ECON201
S0767,ECON205
S0767,ECON304
S0768,ECON203
S0768,MATH109
S0768,STAT104
S0768,STAT205
S0769,PSYC206
S0769,PSYC307
S0769,PSYC403
S0769,PSYC406
S0769,PSYC407
S0770,ECON108
S0770,PHIL105
S0770,STAT304
S0770,STAT307
S0770,STAT401
S0770,STAT502
S0770,STAT507
S0771,PHIL408
S0771,PHIL501
S0771,PHIL505
S0771,PSYC102
S0771,STAT108
S0771,STAT203
S0772,ECON107
S0772,PHIL101
S0772,PHIL106
S0772,PHIL108
S0772,STAT108
S0773,ECON201
S0773,ECON206
S0773,ECON208
S0773,ECON405
S0773,ECON407
S0773,MATH108
S0773,MATH202
S0774,ECON105
S0774,ECON207
S0774,PHIL204
S0774,PHIL302
S0774,PHIL403
S0774,PHIL404
S0774,PSYC406
S0775,PSYC202
S0775,PSYC206
S0775,PSYC208
S0775,PSYC301
S0775,PSYC302
S0775,PSYC403
S0775,PSYC405
S0776,MATH304
S0776,MATH305
S0776,MATH309
S0776,MATH405
S0776,MATH506
S0776,PSYC106
S0777,COMP205
S0777,MATH201
S0777,MATH202
S0777,MATH203
S0777,MATH304
S0777,MATH308
S0777,STAT205
S0778,COMP103
S0778,COMP107
S0778,COMP206
S0778,PHIL103
S0778,PSYC104
S0779,PHIL107
S0779,PSYC307
S0779,STAT401
S0779,STAT407
S0779,STAT408
S0779,STAT507
S0779,STAT508
S0780,ECON304
S0780,ECON403
S0780,ECON503
S0780,ECON506
S0780,MATH101
S0781,COMP107
S0781,COMP201
S0781,ECON102
S0781,ECON108
S0781,ECON204
S0781,ECON207
S0781,STAT103
S0782,COMP202
S0782,COMP206
S0782,COMP301
S0782,COMP304
S0782,COMP308
S0782,MATH108
S0782,PHIL104
S0783,COMP308
S0783,COMP402
S0783,COMP403
S0783,COMP505
S0784,ECON103
S0784,PHIL107
S0784,PHIL203
S0784,PHIL307
S0784,PSYC205
S0785,COMP307
S0785,STAT105
S0785,STAT108
S0785,STAT205
S0785,STAT206
S0786,COMP402
S0786,COMP406
S0786,COMP407
S0786,COMP502
S0786,COMP503
S0786,PSYC304
S0787,ECON206
S0787,MATH102
S0787,STAT201
S0787,STAT205
S0787,STAT303
S0787,STAT405
S0787,STAT408
S0788,COMP403
S0788,MATH103
S0788,MATH201
S0788,MATH205
S0788,MATH206
S0788,PSYC104
S0788,PSYC105
S0789,COMP106
S0789,ECON203
S0789,ECON204
S0789,ECON304
S0789,ECON305
S0789,PSYC104
S0790,ECON308
S0790,MATH209
S0790,MATH306
S0790,PSYC106
S0790,PSYC107
S0790,PSYC202
S0790,PSYC206
S0791,COMP205
S0791,COMP303
S0791,COMP305
S0791,COMP401
S0791,COMP402
S0792,COMP106
S0792,COMP303
S0792,STAT103
S0792,STAT203
S0792,STAT205
S0793,PSYC203
S0793,PSYC207
S0793,PSYC208
S0793,PSYC304
S0793,PSYC406
S0794,MATH108
S0794,PHIL101
S0794,PSYC107
S0794,PSYC201
S0794,PSYC202
S0794,PSYC204
S0795,PHIL202
S0795,PSYC308
S0795,STAT202
S0795,STAT208
S0795,STAT308
S0795,STAT404
S0796,PHIL201
S0796,PHIL302
S0796,PHIL303
S0796,PHIL406
S0796,PSYC204
S0796,PSYC402
S0797,STAT202
S0797,STAT205
S0797,STAT208
S0797,STAT305
S0797,STAT403
S0797,STAT407
S0797,STAT408
S0798,ECON104
S0798,PHIL102
S0798,STAT301
S0798,STAT307
S0798,STAT402
S0798,STAT406
S0799,MATH108
S0799,PHIL106
S0799,STAT101
S0799,STAT108
S0799,STAT205
S0799,STAT301
S0799,STAT308
S0800,COMP502
S0800,ECON102
S0800,MATH101
S0800,MATH102
S0800,MATH202
S0800,MATH305
S0801,COMP205
S0801,STAT301
S0801,STAT303
S0801,STAT402
S0801,STAT408
S0802,ECON304
S0802,ECON307
S0802,ECON401
S0802,ECON404
S0802,PHIL103
S0802,PSYC103
S0803,ECON103
S0803,ECON202
S0803,PHIL104
S0803,PHIL107
S0803,PHIL202
S0803,PHIL203
S0804,ECON207
S0804,MATH103
S0804,PHIL308
S0804,PHIL401
S0804,PHIL502
S0804,PHIL505
S0804,STAT305
S0805,COMP202
S0805,MATH207
S0805,MATH303
S0805,MATH307
S0805,MATH408
S0805,PSYC103
S0805,STAT103
S0806,COMP104
S0806,COMP207
S0806,ECON307
S0806,MATH102
S0806,PSYC108
S0807,MATH206
S0807,MATH208
S0807,PHIL108
S0807,STAT408
S0807,STAT501
S0808,MATH103
S0808,MATH109
S0808,MATH208
S0808,PSYC108
S0809,MATH104
S0809,PHIL202
S0809,PHIL203
S0809,PHIL208
S0809,STAT104
S0810,COMP103
S0810,COMP108
S0810,COMP208
S0810,COMP308
S0810,COMP309
S0811,ECON206
S0811,ECON308
S0811,ECON406
S0811,ECON407
S0811,MATH301
S0811,PSYC101
S0812,ECON203
S0812,PSYC101
S0812,PSYC204
S0812,PSYC207
S0812,STAT106
S0813,ECON306
S0813,ECON408
S0813,ECON508
S0813,MATH204
S0813,MATH505
S0814,MATH306
S0814,PSYC302
S0814,STAT101
S0814,STAT104
S0814,STAT108
S0814,STAT206
S0815,MATH209
S0815,MATH304
S0815,MATH305
S0815,MATH309
S0815,PHIL103
S0816,COMP203
S0816,COMP305
S0816,COMP403
S0816,COMP404
S0816,STAT102
S0817,COMP305
S0817,MATH205
S0817,STAT301
S0817,STAT402
S0817,STAT504
S0817,STAT508
S0818,COMP108
S0818,COMP201
S0818,COMP204
S0818,COMP205
S0819,STAT303
S0819,STAT304
S0819,STAT404
S0819,STAT405
S0819,STAT502
S0819,STAT506
S0820,PHIL101
S0820,PSYC105
S0820,PSYC107
S0820,PSYC204
S0820,PSYC208
S0820,PSYC304
S0820,PSYC308
S0821,COMP205
S0821,MATH103
S0821,MATH104
S0821,MATH108
S0821,MATH202
S0821,MATH308
S0822,PHIL102
S0822,STAT206
S0822,STAT302
S0822,STAT402
S0822,STAT404
S0822,STAT405
S0823,COMP401
S0823,COMP506
S0823,PSYC404
S0823,STAT208
S0823,STAT307
S0824,COMP106
S0824,COMP107
S0824,COMP304
S0824,COMP309
S0824,PSYC203
S0825,COMP101
S0825,COMP106
S0825,COMP109
S0825,COMP206
S0825,MATH207
S0825,PHIL106
S0826,COMP102
S0826,COMP304
S0826,COMP306
S0826,COMP308
S0826,MATH102
S0826,STAT201
S0827,ECON106
S0827,ECON202
S0827,MATH108
S0827,STAT103
S0827,STAT203
S0828,ECON302
S0828,ECON305
S0828,STAT102
S0828,STAT104
S0828,STAT306
S0829,COMP104
S0829,COMP201
S0829,COMP208
S0829,COMP209
S0830,ECON101
S0830,ECON108
S0830,ECON203
S0830,ECON205
S0830,ECON308
S0831,COMP101
S0831,COMP102
S0831,COMP106
S0831,COMP207
S0831,PSYC105
S0831,STAT101
S0832,COMP203
S0832,COMP308
S0832,COMP401
S0832,COMP402
S0832,COMP404
S0833,STAT103
S0833,STAT106
S0833,STAT205
S0833,STAT207
S0834,MATH209
S0834,PSYC203
S0834,PSYC206
S0834,PSYC208
S0834,PSYC304
S0834,PSYC401
S0835,COMP109
S0835,MATH403
S0835,PSYC105
S0835,PSYC202
S0835,PSYC208
S0836,COMP305
S0836,PHIL207
S0836,PHIL301
S0836,PHIL302
S0836,PHIL305
S0836,PHIL403
S0837,MATH107
S0837,PSYC101
S0837,STAT101
S0837,STAT106
S0837,STAT208
S0838,COMP202
S0838,COMP208
S0838,ECON208
S0838,PHIL101
S0838,PHIL107
S0838,PHIL108
S0838,PHIL207
S0839,PHIL101
S0839,PSYC202
S0839,STAT104
S0839,STAT105
S0839,STAT206
S0839,STAT208
S0840,COMP106
S0840,COMP201
S0841,MATH104
S0841,MATH105
S0841,STAT104
S0841,STAT105
S0841,STAT306
S0841,STAT307
S0842,COMP103
S0842,MATH401
S0842,STAT108
S0842,STAT201
S0842,STAT208
S0842,STAT308
S0843,ECON402
S0843,ECON502
S0843,ECON505
S0843,MATH109
S0843,PHIL103
S0844,MATH108
S0844,MATH209
S0844,PHIL102
S0844,PHIL108
S0844,PHIL203
S0844,PSYC102
S0845,MATH204
S0845,PHIL204
S0845,PSYC108
S0845,STAT101
S0845,STAT105
S0845,STAT201
S0846,COMP105
S0846,COMP206
S0846,MATH109
S0846,MATH205
S0846,MATH207
S0846,MATH208
S0847,COMP107
S0847,ECON302
S0847,ECON303
S0847,ECON307
S0847,ECON402
S0847,ECON407
S0848,COMP105
S0848,COMP205
S0848,COMP208
S0848,PSYC208
S0848,STAT204
S0849,COMP101
S0849,MATH204
S0849,MATH303
S0849,MATH401
S0849,MATH406
S0849,STAT201
S0850,COMP409
S0850,ECON306
S0850,PHIL307
S0850,PHIL308
S0850,PHIL403
S0851,COMP204
S0851,COMP307
S0851,COMP308
S0851,COMP403
S0851,COMP409
S0851,MATH204
S0851,PSYC102
S0852,ECON207
S0852,PHIL103
S0852,STAT103
S0852,STAT207
S0853,MATH203
S0853,PHIL208
S0853,PSYC404
S0853,STAT102
S0853,STAT104
S0854,COMP304
S0854,COMP405
S0854,MATH102
S0854,MATH203
S0854,MATH304
S0855,MATH103
S0855,PHIL107
S0855,PSYC401
S0855,PSYC407
S0855,PSYC503
S0856,PHIL304
S0856,PHIL307
S0856,PHIL402
S0856,PHIL405
S0856,PSYC105
S0856,STAT204
S0857,COMP102
S0857,PHIL301
S0857,PHIL306
S0857,PHIL403
S0857,PHIL501
S0857,PHIL506
S0857,PSYC208
S0858,ECON105
S0858,MATH102
S0858,MATH105
S0858,MATH108
S0858,MATH208
S0858,STAT108
S0859,COMP105
S0859,PSYC102
S0859,PSYC104
S0859,PSYC204
S0859,PSYC304
S0859,PSYC305
S0860,COMP108
S0860,PHIL103
S0860,PHIL208
S0860,PHIL303
S0860,PHIL304
S0860,PHIL306
S0860,PSYC202
S0861,COMP105
S0861,PSYC107
S0861,STAT102
S0861,STAT106
S0861,STAT108
S0861,STAT206
S0862,MATH208
S0862,MATH303
S0862,MATH305
S0862,MATH308
S0862,MATH404
S0862,MATH406
S0863,COMP106
S0863,COMP202
S0863,COMP303
S0863,COMP309
S0863,MATH102
S0863,PHIL101
S0864,ECON105
S0864,STAT102
S0864,STAT106
S0864,STAT107
S0864,STAT301
S0865,ECON202
S0865,ECON203
S0865,ECON205
S0865,ECON301
S0865,ECON302
S0865,ECON308
S0866,COMP108
S0866,COMP204
S0866,PSYC101
S0866,PSYC206
S0866,STAT207
S0867,PSYC108
S0867,PSYC208
S0867,STAT201
S0867,STAT208
S0868,MATH101
S0868,MATH202
S0868,MATH207
S0868,MATH302
S0868,MATH308
S0868,STAT105
S0869,COMP302
S0869,MATH205
S0869,MATH207
S0869,MATH304
S0869,MATH306
S0869,MATH307
S0869,STAT104
S0870,COMP302
S0870,MATH209
S0870,PSYC108
S0870,STAT207
S0870,STAT304
S0870,STAT402
S0870,STAT406
S0871,COMP209
S0871,ECON104
S0871,MATH205
S0871,MATH206
S0871,MATH309
S0871,PHIL306
S0872,MATH107
S0872,MATH205
S0872,PSYC205
S0872,PSYC305
S0872,PSYC401
S0872,PSYC404
S0873,COMP101
S0873,COMP107
S0873,COMP109
S0873,COMP206
S0873,COMP304
S0874,ECON102
S0874,ECON108
S0874,ECON203
S0874,ECON208
S0874,PSYC103
S0874,STAT104
S0875,ECON108
S0875,ECON206
S0875,ECON207
S0875,ECON208
S0875,ECON302
S0875,ECON303
S0876,ECON107
S0876,STAT208
S0876,STAT304
S0876,STAT308
S0876,STAT406
S0877,COMP203
S0877,ECON408
S0877,PHIL103
S0877,PHIL107
S0877,PHIL206
S0878,PHIL107
S0878,PHIL108
S0878,PSYC105
S0878,STAT105
S0878,STAT205
S0878,STAT207
S0879,PSYC303
S0879,PSYC307
S0879,PSYC405
S0879,PSYC408
S0879,PSYC502
S0879,PSYC508
S0880,ECON104
S0880,PHIL302
S0880,PHIL308
S0880,PHIL402
S0880,PHIL408
S0880,PHIL506
S0880,PSYC302
S0881,ECON108
S0881,STAT102
S0881,STAT107
S0881,STAT108
S0881,STAT205
S0882,COMP107
S0882,MATH101
S0882,MATH103
S0882,MATH207
S0882,PSYC204
S0883,STAT105
S0883,STAT202
S0883,STAT203
S0883,STAT206
S0883,STAT302
S0884,COMP109
S0884,COMP201
S0885,COMP207
S0885,PHIL104
S0885,PHIL105
S0885,PHIL106
S0885,PHIL201
S0885,PHIL203
S0885,PSYC508
S0886,COMP206
S0886,MATH102
S0886,MATH209
S0886,MATH304
S0886,PHIL203
S0887,PSYC102
S0887,PSYC204
S0887,STAT108
S0887,STAT202
S0887,STAT208
S0887,STAT306
S0888,ECON205
S0888,PHIL201
S0888,PSYC204
S0888,STAT103
S0888,STAT204
S0888,STAT207
S0888,STAT303
S0889,COMP301
S0889,PHIL206
S0889,PHIL207
S0889,PHIL306
S0889,PHIL307
S0889,PHIL404
S0889,STAT108
S0890,COMP204
S0890,ECON401
S0890,MATH203
S0890,STAT105
S0890,STAT106
S0890,STAT205
S0891,COMP106
S0891,COMP201
S0891,COMP209
S0891,ECON206
S0891,STAT107
S0892,STAT202
S0892,STAT206
S0892,STAT307
S0892,STAT402
S0892,STAT403
S0892,STAT404
S0893,ECON105
S0893,MATH303
S0893,PSYC104
S0893,PSYC108
S0893,PSYC201
S0894,COMP103
S0894,PHIL205
S0894,PHIL405
S0894,STAT106
S0894,STAT108
S0895,ECON407
S0895,ECON408
S0895,ECON501
S0895,ECON505
S0895,PSYC104
S0895,STAT208
S0896,COMP208
S0896,ECON306
S0896,ECON308
S0896,STAT408
S0896,STAT503
S0896,STAT508
S0897,ECON104
S0897,MATH107
S0897,PHIL104
S0897,PHIL206
S0897,STAT206
S0898,COMP103
S0898,ECON308
S0898,MATH106
S0898,MATH205
S0898,STAT507
S0899,PHIL108
S0899,PHIL203
S0899,PHIL302
S0899,PHIL305
S0900,MATH301
S0900,PHIL106
S0900,PSYC101
S0900,PSYC108
S0900,PSYC208
S0901,COMP204
S0901,MATH207
S0901,MATH208
S0901,MATH308
S0901,MATH403
S0902,MATH102
S0902,PHIL308
S0902,PHIL401
S0902,PHIL501
S0902,PHIL502
S0902,PSYC405
S0903,PSYC101
S0903,PSYC103
S0903,PSYC106
S0903,PSYC204
S0904,MATH204
S0904,MATH302
S0904,PHIL407
S0904,PHIL508
S0904,PSYC101
S0905,ECON206
S0905,PSYC305
S0905,PSYC307
S0905,PSYC407
S0905,PSYC408
S0906,ECON402
S0906,ECON408
S0906,ECON503
S0906,ECON508
S0906,PSYC104
S0907,ECON201
S0907,ECON204
S0907,ECON302
S0907,ECON305
S0907,ECON306
S0907,PSYC308
S0907,STAT103
S0908,ECON107
S0908,ECON207
S0908,PSYC102
S0908,PSYC202
S0908,PSYC205
S0909,PSYC108
S0909,PSYC201
S0909,PSYC202
S0909,PSYC206
S0910,COMP207
S0910,PHIL107
S0910,PHIL201
S0910,PHIL202
S0910,PHIL203
S0910,STAT104
S0911,PHIL101
S0911,PHIL107
S0911,PSYC103
S0911,PSYC107
S0911,PSYC206
S0912,COMP104
S0912,COMP109
S0912,COMP203
S0912,COMP206
S0913,PHIL104
S0913,PSYC108
S0913,PSYC205
S0913,PSYC207
S0913,PSYC303
S0914,COMP404
S0914,ECON207
S0914,MATH101
S0914,MATH107
S0914,MATH204
S0914,PHIL108
S0915,COMP107
S0915,COMP204
S0915,COMP206
S0915,COMP305
S0915,MATH501
S0915,STAT101
S0916,PSYC101
S0916,PSYC104
S0916,PSYC107
S0916,PSYC205
S0917,COMP102
S0917,PHIL108
S0917,PHIL201
S0917,PHIL205
S0917,PHIL208
S0917,PHIL308
S0917,STAT103
S0918,ECON305
S0918,MATH105
S0918,PSYC101
S0918,PSYC104
S0918,PSYC201
S0918,PSYC208
S0919,MATH201
S0919,MATH204
S0919,PHIL303
S0919,PSYC106
S0919,PSYC202
S0920,COMP209
S0920,ECON206
S0920,ECON305
S0920,MATH303
S0920,PHIL102
S0921,COMP506
S0921,ECON102
S0921,ECON106
S0921,ECON208
S0921,PSYC102
S0922,COMP103
S0922,ECON107
S0922,MATH102
S0922,MATH103
S0922,MATH204
S0922,MATH205
S0922,MATH207
S0923,COMP303
S0923,COMP304
S0923,COMP401
S0923,COMP506
S0923,COMP508
S0923,MATH103
S0923,PSYC107
S0924,MATH103
S0924,PHIL207
S0924,PSYC101
S0924,PSYC103
S0924,PSYC107
S0924,PSYC202
S0924,STAT203
S0925,ECON201
S0925,MATH202
S0925,PHIL102
S0925,PHIL103
S0925,PHIL205
S0926,STAT103
S0926,STAT104
S0926,STAT105
S0926,STAT201
S0926,STAT205
S0926,STAT206
S0927,COMP309
S0927,COMP404
S0927,COMP406
S0927,COMP407
S0927,STAT207
S0928,STAT102
S0928,STAT108
S0928,STAT202
S0928,STAT207
S0928,STAT208
S0928,STAT303
S0928,STAT307
S0929,COMP107
S0929,STAT202
S0929,STAT208
S0929,STAT301
S0929,STAT302
S0929,STAT304
S0930,MATH109
S0930,MATH203
S0930,MATH208
S0930,STAT102
S0930,STAT105
S0931,ECON202
S0931,MATH104
S0931,MATH207
S0931,MATH301
S0931,MATH307
S0931,MATH309
S0931,STAT101
S0932,COMP205
S0932,COMP208
S0932,COMP304
S0932,COMP308
S0932,COMP405
S0932,MATH205
S0932,STAT103
S0933,MATH102
S0933,PHIL101
S0933,STAT103
S0933,STAT105
S0933,STAT208
S0934,COMP302
S0934,ECON107
S0934,MATH102
S0934,MATH107
S0934,MATH108
S0935,MATH107
S0935,MATH109
S0935,MATH205
S0935,PHIL106
S0935,STAT307
S0936,COMP108
S0936,PHIL304
S0936,STAT103
S0936,STAT108
S0936,STAT201
S0937,ECON206
S0937,ECON307
S0937,ECON404
S0937,PHIL101
S0937,STAT101
S0938,ECON402
S0938,ECON403
S0938,ECON502
S0938,PHIL304
S0938,PSYC303
S0939,COMP101
S0939,COMP102
S0939,COMP204
S0939,COMP206
S0939,ECON204
S0939,MATH206
S0939,PHIL105
S0940,PSYC302
S0940,STAT101
S0940,STAT104
S0940,STAT107
S0940,STAT204
S0941,ECON301
S0941,ECON305
S0941,ECON407
S0941,ECON503
S0941,ECON508
S0941,PHIL301
S0942,COMP208
S0942,ECON102
S0942,STAT101
S0942,STAT202
S0942,STAT205
S0942,STAT206
S0943,COMP201
S0943,STAT301
S0943,STAT304
S0943,STAT401
S0943,STAT503
S0943,STAT506
S0944,ECON101
S0944,ECON203
S0944,ECON205
S0944,ECON304
S0944,ECON308
S0944,STAT306
S0945,ECON201
S0945,ECON202
S0945,ECON205
S0945,ECON303
S0945,ECON402
S0945,ECON407
S0945,MATH207
S0946,COMP103
S0946,COMP104
S0946,COMP201
S0946,COMP202
S0946,COMP207
S0947,PSYC301
S0947,PSYC302
S0947,PSYC308
S0947,PSYC408
S0947,PSYC507
S0947,STAT102
S0947,STAT103
S0948,COMP202
S0948,PHIL401
S0948,PSYC108
S0948,PSYC207
S0948,PSYC305
S0948,PSYC307
S0949,MATH101
S0949,MATH104
S0949,MATH108
S0949,MATH206
S0950,MATH206
S0950,MATH303
S0950,MATH304
S0950,MATH408
S0950,MATH409
S0950,STAT105
S0950,STAT202
S0951,STAT101
S0951,STAT207
S0951,STAT302
S0951,STAT304
S0951,STAT305
S0952,COMP307
S0952,COMP401
S0952,COMP409
S0952,COMP508
S0952,MATH105
S0952,PSYC103
S0952,STAT208
S0953,ECON103
S0953,MATH104
S0953,MATH108
S0953,MATH205
S0953,MATH306
S0953,STAT204
S0954,ECON106
S0954,ECON107
S0954,ECON306
S0954,PHIL105
S0954,PSYC308
S0954,STAT101
S0955,MATH103
S0955,PHIL105
S0955,PHIL202
S0955,PHIL205
S0955,PHIL207
S0955,PSYC106
S0956,COMP102
S0956,MATH109
S0956,MATH203
S0956,MATH207
S0956,MATH208
S0956,MATH308
S0956,STAT102
S0957,MATH105
S0957,MATH206
S0957,MATH208
S0957,MATH303
S0957,MATH308
S0958,MATH102
S0958,MATH203
S0958,MATH303
S0958,MATH309
S0959,COMP207
S0959,ECON203
S0959,MATH108
S0959,MATH208
S0959,MATH209
S0960,COMP208
S0960,ECON104
S0960,ECON207
S0960,ECON208
S0960,MATH104
S0961,PHIL303
S0961,PHIL307
S0961,PSYC101
S0961,PSYC107
S0961,PSYC206
S0961,PSYC208
S0962,COMP305
S0962,COMP308
S0962,COMP502
S0962,MATH103
S0962,MATH105
S0963,STAT201
S0963,STAT202
S0963,STAT204
S0963,STAT302
S0963,STAT303
S0963,STAT304
S0963,STAT406
S0964,MATH208
S0964,MATH306
S0964,MATH401
S0964,MATH404
S0964,PSYC201
S0964,STAT103
S0964,STAT303
S0965,STAT101
S0965,STAT103
S0965,STAT104
S0965,STAT201
S0965,STAT202
S0966,COMP205
S0966,MATH204
S0966,MATH208
S0966,PHIL102
S0966,PSYC208
S0967,COMP307
S0967,ECON101
S0967,PHIL102
S0967,PHIL104
S0967,PHIL204
S0967,STAT307
S0968,PSYC101
S0968,PSYC105
S0968,PSYC107
S0968,PSYC202
S0968,PSYC206
S0968,PSYC208
S0969,COMP101
S0969,COMP202
S0969,ECON107
S0969,PHIL305
S0969,STAT204
S0970,ECON201
S0970,ECON202
S0970,ECON206
S0970,ECON306
S0970,ECON401
S0970,MATH103
S0970,PSYC106
S0971,COMP305
S0971,COMP307
S0971,COMP408
S0971,COMP502
S0971,COMP503
S0971,ECON105
S0972,ECON201
S0972,PSYC105
S0972,PSYC107
S0972,PSYC207
S0972,STAT103
S0973,COMP202
S0973,ECON202
S0973,ECON304
S0973,ECON307
S0973,PSYC101
S0974,ECON102
S0974,PSYC201
S0974,PSYC308
S0974,PSYC403
S0974,PSYC407
S0974,STAT307
S0975,COMP104
S0975,STAT103
S0975,STAT105
S0975,STAT107
S0975,STAT208
S0976,PHIL103
S0976,PHIL104
S0976,PHIL105
S0976,PHIL208
S0977,MATH205
S0977,MATH302
S0977,MATH308
S0977,MATH404
S0977,MATH406
S0977,PHIL302
S0978,ECON305
S0978,MATH105
S0978,STAT105
S0978,STAT202
S0978,STAT203
S0978,STAT207
S0979,COMP101
S0979,COMP108
S0979,COMP203
S0979,COMP306
S0980,MATH101
S0980,MATH107
S0980,MATH204
S0980,MATH205
S0980,PHIL104
S0980,STAT204
S0981,COMP103
S0981,COMP104
S0981,COMP107
S0981,COMP201
S0981,COMP209
S0981,ECON201
S0981,PSYC206
S0982,ECON102
S0982,MATH102
S0982,PSYC102
S0982,PSYC106
S0982,PSYC205
S0982,STAT205
S0983,PHIL105
S0983,PHIL107
S0983,PHIL108
S0983,PHIL205
S0983,STAT101
S0984,MATH203
S0984,MATH207
S0984,MATH309
S0984,MATH402
S0984,MATH409
S0984,PHIL301
S0985,ECON106
S0985,PHIL102
S0985,PHIL104
S0985,STAT105
S0985,STAT201
S0985,STAT203
S0985,STAT205
S0986,ECON205
S0986,ECON207
S0986,ECON301
S0986,ECON305
S0986,PSYC301
S0987,STAT107
S0987,STAT207
S0988,COMP107
S0988,COMP108
S0988,COMP208
S0988,PSYC204
S0988,STAT406
S0989,COMP108
S0989,MATH104
S0989,STAT103
S0989,STAT205
S0989,STAT206
S0989,STAT207
S0989,STAT304
S0990,PSYC307
S0990,STAT101
S0990,STAT202
S0990,STAT207
S0990,STAT306
S0991,COMP101
S0991,COMP106
S0991,COMP203
S0991,ECON301
S0991,ECON501
S0992,PHIL207
S0992,PSYC105
S0992,STAT101
S0992,STAT108
S0992,STAT204
S0993,COMP102
S0993,COMP106
S0993,COMP205
S0993,COMP206
S0993,ECON101
S0993,MATH105
S0994,COMP306
S0994,ECON102
S0994,ECON104
S0994,ECON205
S0994,PHIL103
S0994,PSYC101
S0995,ECON101
S0995,ECON303
S0995,STAT103
S0995,STAT107
S0995,STAT206
S0996,COMP101
S0996,COMP103
S0996,COMP109
S0996,COMP204
S0997,COMP101
S0997,COMP203
S0997,COMP206
S0997,PHIL201
S0997,STAT105
S0998,MATH305
S0998,PHIL302
S0998,PHIL307
S0998,PHIL401
S0998,PHIL502
S0998,PHIL503
S0998,PHIL506
S0999,COMP105
S0999,COMP106
S0999,COMP209
S0999,COMP301
S0999,COMP303
S0999,ECON107
S0999,STAT102
S1000,COMP104
S1000,ECON101
S1000,MATH106
S1000,MATH208
S1000,MATH209
S1000,MATH302
S1001,PSYC203
S1001,PSYC303
S1001,PSYC307
S1001,PSYC404
S1001,STAT106
S1002,PSYC205
S1002,PSYC207
S1002,PSYC208
S1002,PSYC302
S1002,PSYC304
S1002,PSYC308
S1002,PSYC405
S1003,ECON103
S1003,ECON105
S1003,ECON207
S1003,ECON208
S1003,STAT205
S1004,COMP106
S1004,MATH101
S1004,PHIL101
S1004,PHIL106
S1004,PHIL202
S1005,STAT202
S1005,STAT206
S1005,STAT207
S1005,STAT303
S1005,STAT306
S1005,STAT308
S1006,PSYC301
S1006,PSYC307
S1006,PSYC404
S1006,PSYC407
S1006,PSYC408
S1007,COMP101
S1007,STAT101
S1007,STAT207
S1007,STAT301
S1007,STAT303
S1007,STAT306
S1008,COMP102
S1008,ECON106
S1008,ECON202
S1008,ECON207
S1008,ECON208
S1008,ECON308
S1008,STAT201
S1009,ECON105
S1009,ECON107
S1009,ECON108
S1009,ECON202
S1009,ECON204
S1009,ECON205
S1010,ECON102
S1010,MATH309
S1010,PSYC104
S1010,PSYC208
S1010,PSYC304
S1010,STAT202
S1011,PHIL203
S1011,PHIL206
S1011,PHIL307
S1011,PHIL405
S1011,PHIL407
S1011,PHIL408
S1012,COMP107
S1012,COMP108
S1012,COMP201
S1012,COMP203
S1012,PHIL202
S1012,STAT304
S1013,ECON308
S1013,PSYC208
S1013,PSYC301
S1013,PSYC302
S1013,PSYC401
S1013,STAT203
S1014,ECON102
S1014,PHIL103
S1014,PSYC107
S1014,PSYC201
S1014,PSYC208
S1015,COMP202
S1015,COMP203
S1015,COMP205
S1015,COMP401
S1015,COMP408
S1015,MATH202
S1015,STAT104
S1016,PHIL103
S1016,PHIL104
S1016,PHIL106
S1016,PHIL201
S1016,PHIL203
S1016,PHIL206
S1017,ECON201
S1017,ECON303
S1017,ECON402
S1017,ECON403
S1017,ECON408
S1018,PHIL101
S1018,PHIL102
S1018,PHIL108
S1018,PHIL202
S1018,PHIL203
S1018,PHIL205
S1019,COMP109
S1019,MATH207
S1019,MATH209
S1019,MATH307
S1019,MATH406
S1019,PSYC107
S1019,STAT106
S1020,COMP204
S1020,COMP209
S1020,COMP305
S1020,ECON506
S1020,PSYC105
S1021,ECON104
S1021,MATH202
S1021,STAT102
S1021,STAT202
S1021,STAT206
S1021,STAT208
S1022,COMP102
S1022,STAT104
S1022,STAT108
S1022,STAT202
S1022,STAT203
S1023,MATH203
S1023,MATH207
S1023,MATH305
S1023,MATH406
S1023,MATH407
S1023,MATH408
S1023,PHIL304
S1024,COMP201
S1024,MATH308
S1024,PHIL107
S1024,PHIL202
S1024,STAT502
S1025,ECON107
S1025,PSYC408
S1025,STAT307
S1025,STAT402
S1025,STAT502
S1026,COMP103
S1026,COMP204
S1026,COMP205
S1026,COMP206
S1026,MATH104
S1026,PHIL204
S1027,COMP103
S1027,COMP201
S1027,MATH201
S1027,PSYC102
S1027,PSYC104
S1027,PSYC108
S1027,PSYC301
S1028,COMP307
S1028,COMP502
S1028,COMP506
S1028,PHIL103
S1028,PSYC107
S1029,COMP405
S1029,MATH103
S1029,MATH203
S1029,MATH207
S1029,STAT201
S1030,ECON205
S1030,PHIL104
S1030,PHIL203
S1030,PHIL206
S1030,PHIL207
S1030,PSYC103
S1031,ECON106
S1031,ECON204
S1031,ECON207
S1031,ECON304
S1031,MATH409
S1031,PSYC108
S1032,PSYC102
S1032,PSYC105
S1032,PSYC204
S1032,PSYC207
S1032,PSYC208
S1032,PSYC301
S1032,PSYC304
S1033,PHIL108
S1033,PSYC104
S1033,PSYC201
S1033,STAT101
S1034,MATH303
S1034,MATH408
S1034,MATH504
S1034,MATH506
S1034,MATH508
S1034,PHIL405
S1034,PSYC105
S1035,ECON305
S1035,PHIL202
S1035,STAT101
S1035,STAT102
S1035,STAT205
S1036,ECON102
S1036,ECON107
S1036,ECON203
S1036,STAT105
S1036,STAT208
S1037,PSYC204
S1037,PSYC207
S1037,PSYC208
S1037,PSYC303
S1037,PSYC308
S1037,PSYC405
S1038,COMP402
S1038,COMP406
S1038,COMP407
S1038,COMP503
S1038,MATH203
S1038,PSYC101
S1038,PSYC302
S1039,MATH109
S1039,MATH204
S1039,MATH205
S1039,MATH207
S1039,PSYC101
S1039,STAT201
S1040,COMP208
S1040,ECON104
S1040,PSYC301
S1040,STAT104
S1040,STAT202
S1040,STAT207
S1040,STAT304
S1041,ECON106
S1041,PHIL105
S1041,PHIL204
S1041,PSYC403
S1041,STAT105
S1042,ECON108
S1042,MATH108
S1042,STAT408
S1042,STAT501
S1042,STAT505
S1043,COMP308
S1043,MATH302
S1043,MATH304
S1043,MATH307
S1043,MATH407
S1043,MATH505
S1043,MATH508
S1044,COMP303
S1044,MATH106
S1044,MATH107
S1044,MATH109
S1044,STAT202
S1045,COMP103
S1045,COMP206
S1045,COMP303
S1045,COMP306
S1045,MATH108
S1045,MATH402
S1046,ECON103
S1046,ECON105
S1046,ECON202
S1046,PSYC203
S1046,STAT305
S1047,COMP206
S1047,ECON405
S1047,ECON406
S1047,ECON407
S1047,ECON507
S1047,ECON508
S1047,STAT301
S1048,COMP208
S1048,MATH109
S1048,PHIL107
S1048,PSYC107
S1048,PSYC202
S1048,PSYC208
S1049,PHIL101
S1049,PSYC202
S1049,STAT104
S1049,STAT201
S1049,STAT204
S1050,COMP107
S1050,COMP304
S1050,MATH107
S1050,STAT103
S1050,STAT201
S1051,MATH206
S1051,MATH301
S1051,MATH308
S1051,MATH403
S1051,MATH406
S1051,MATH409
S1051,PSYC106
S1052,MATH302
S1052,MATH306
S1052,MATH307
S1052,MATH408
S1052,MATH501
S1052,MATH507
S1053,MATH107
S1053,MATH208
S1053,PSYC407
S1053,STAT103
S1053,STAT205
S1053,STAT206
S1053,STAT207
S1054,COMP104
S1054,COMP201
S1054,COMP205
S1054,COMP209
S1054,COMP303
S1055,PSYC301
S1055,PSYC404
S1055,PSYC405
S1055,PSYC406
S1055,PSYC502
S1055,PSYC504
S1056,COMP105
S1056,COMP107
S1056,COMP206
S1056,COMP207
S1056,PHIL103
S1056,STAT107
S1057,COMP105
S1057,ECON104
S1057,ECON206
S1057,MATH202
S1057,PHIL206
S1058,COMP201
S1058,COMP206
S1058,COMP301
S1058,COMP305
S1058,PHIL303
S1058,PSYC105
S1058,STAT204
S1059,ECON201
S1059,ECON207
S1059,ECON208
S1059,ECON302
S1059,ECON308
S1060,ECON102
S1060,MATH303
S1060,PSYC101
S1060,PSYC304
S1060,PSYC306
S1060,PSYC308
S1061,ECON105
S1061,ECON202
S1062,COMP108
S1062,COMP109
S1062,COMP201
S1062,ECON301
S1062,MATH208
S1062,STAT101
S1063,COMP101
S1063,COMP104
S1063,COMP107
S1063,COMP201
S1063,COMP207
S1064,ECON102
S1064,MATH307
S1064,PSYC102
S1064,PSYC104
S1064,PSYC108
S1064,PSYC205
S1065,COMP303
S1065,ECON101
S1065,PHIL101
S1065,PHIL106
S1065,PHIL203
S1065,STAT108
S1066,COMP106
S1066,COMP205
S1066,COMP208
S1066,COMP306
S1066,COMP308
S1066,PHIL203
S1066,PHIL205
S1067,ECON101
S1067,ECON108
S1067,ECON201
S1067,ECON203
S1067,ECON207
S1068,COMP108
S1068,PHIL101
S1068,PHIL203
S1068,PHIL207
S1068,PHIL307
S1068,PSYC105
S1069,ECON208
S1069,MATH105
S1069,PHIL101
S1069,PHIL103
S1069,PHIL106
S1069,PHIL204
S1069,PHIL308
S1070,ECON205
S1070,MATH101
S1070,PHIL101
S1070,PHIL104
S1070,PHIL308
S1071,ECON202
S1071,MATH404
S1071,MATH405
S1071,MATH505
S1071,PSYC205
S1072,MATH102
S1072,MATH106
S1072,MATH203
S1072,MATH205
S1072,MATH208
S1073,PHIL107
S1073,PHIL108
S1073,PHIL205
S1074,COMP307
S1074,ECON107
S1074,ECON202
S1074,ECON204
S1074,MATH106
S1075,MATH103
S1075,MATH206
S1075,PHIL304
S1075,PHIL307
S1075,PHIL405
S1075,PHIL505
S1075,PSYC402
S1076,ECON105
S1076,ECON108
S1076,ECON202
S1076,ECON205
S1076,ECON304
S1076,PHIL106
S1076,PHIL202
S1077,ECON208
S1077,ECON307
S1077,ECON308
S1077,ECON401
S1077,ECON405
S1077,ECON406
S1078,ECON102
S1078,ECON104
S1078,ECON106
S1078,MATH107
S1078,PSYC106
S1079,COMP103
S1079,COMP203
S1079,COMP206
S1079,MATH103
S1079,PHIL208
S1080,COMP104
S1080,COMP205
S1080,COMP207
S1080,COMP209
S1080,PHIL202
S1080,PSYC107
S1081,ECON104
S1081,ECON107
S1081,ECON201
S1081,ECON203
S1081,MATH102
S1082,COMP106
S1082,PHIL105
S1082,PHIL106
S1082,PHIL108
S1082,PHIL203
S1082,PHIL207
S1083,ECON103
S1083,ECON201
S1083,PHIL103
S1083,PSYC506
S1084,MATH101
S1084,MATH202
S1084,STAT108
S1084,STAT203
S1084,STAT204
S1085,PSYC102
S1085,STAT304
S1085,STAT307
S1085,STAT504
S1085,STAT506
S1086,COMP209
S1086,PHIL104
S1086,PSYC108
S1086,PSYC304
S1086,PSYC306
S1087,ECON103
S1087,STAT107
S1087,STAT108
S1087,STAT203
S1087,STAT208
S1087,STAT304
S1088,ECON202
S1088,ECON203
S1088,ECON204
S1088,ECON306
S1088,ECON408
S1088,MATH104
S1088,MATH202
S1089,COMP301
S1089,COMP404
S1089,COMP409
S1089,ECON401
S1089,ECON407
S1089,STAT301
S1090,STAT202
S1090,STAT204
S1090,STAT207
S1090,STAT302
S1090,STAT408
S1091,MATH102
S1091,MATH204
S1091,MATH205
S1092,COMP202
S1092,COMP208
S1092,COMP306
S1092,MATH203
S1092,STAT102
S1092,STAT207
S1093,STAT103
S1093,STAT104
S1093,STAT108
S1093,STAT204
S1093,STAT208
S1094,COMP107
S1094,ECON204
S1094,PHIL202
S1094,PHIL206
S1094,PHIL301
S1094,PHIL307
S1094,PSYC108
S1095,PHIL207
S1095,PHIL307
S1095,STAT102
S1095,STAT203
S1095,STAT205
S1096,COMP301
S1096,MATH302
S1096,STAT103
S1096,STAT301
S1096,STAT307
S1096,STAT308
S1097,STAT103
S1097,STAT105
S1097,STAT205
S1097,STAT206
S1097,STAT208
S1098,COMP101
S1098,COMP201
S1098,COMP205
S1098,COMP206
S1098,COMP303
S1098,PHIL103
S1098,PSYC101
S1099,ECON203
S1099,ECON301
S1099,ECON401
S1099,ECON403
S1099,ECON407
S1099,PHIL204
S1099,PSYC107
S1100,COMP103
S1100,COMP205
S1100,COMP209
S1100,ECON208
S1100,MATH201
S1101,COMP309
S1101,COMP408
S1101,COMP501
S1101,STAT103
S1101,STAT107
S1102,ECON205
S1102,MATH402
S1102,MATH403
S1102,MATH406
S1102,PHIL206
S1103,PSYC102
S1103,PSYC108
S1103,PSYC203
S1103,PSYC207
S1103,PSYC208
S1104,ECON103
S1104,STAT201
S1104,STAT203
S1104,STAT303
S1104,STAT405
S1104,STAT408
S1105,COMP202
S1105,COMP206
S1105,COMP304
S1105,COMP306
S1105,COMP408
S1105,PSYC205
S1106,MATH105
S1106,MATH106
S1106,MATH109
S1106,MATH208
S1106,PSYC101
S1107,ECON104
S1107,ECON105
S1107,ECON202
S1107,ECON303
S1107,MATH104
S1107,PSYC303
S1108,ECON103
S1108,PSYC301
S1108,PSYC405
S1108,PSYC502
S1108,PSYC503
S1109,ECON104
S1109,ECON106
S1109,ECON203
S1109,ECON208
S1109,MATH107
S1109,STAT107
S1110,PHIL203
S1110,PHIL206
S1110,PHIL305
S1110,PHIL402
S1110,PHIL404
S1110,STAT102
S1110,STAT105
S1111,ECON308
S1111,MATH105
S1111,MATH201
S1111,MATH302
S1111,MATH308
S1111,PSYC102
S1111,STAT103
S1112,COMP109
S1112,COMP205
S1112,COMP207
S1112,PSYC105
S1112,PSYC108
S1113,COMP102
S1113,COMP106
S1113,COMP205
S1113,COMP302
S1114,ECON302
S1114,ECON308
S1114,ECON401
S1114,ECON402
S1114,ECON408
S1114,ECON501
S1114,ECON502
S1115,STAT305
S1115,STAT402
S1115,STAT503
S1116,PHIL103
S1116,PHIL206
S1116,PHIL208
S1117,COMP101
S1117,COMP102
S1117,COMP205
S1117,COMP208
S1117,ECON106
S1117,PSYC101
S1118,COMP407
S1118,COMP501
S1118,COMP503
S1118,COMP505
S1119,COMP303
S1119,MATH503
S1119,PHIL205
S1119,PSYC105
S1119,PSYC107
S1119,PSYC202
S1119,PSYC203
S1120,MATH207
S1120,MATH208
S1120,MATH302
S1120,MATH402
S1120,MATH407
S1120,PHIL101
S1120,STAT407
S1121,COMP202
S1121,COMP205
S1121,COMP206
S1121,COMP302
S1121,COMP404
S1121,COMP406
S1122,ECON108
S1122,MATH107
S1122,PSYC103
S1122,PSYC106
S1122,PSYC107
S1122,PSYC203
S1122,PSYC205
S1123,MATH205
S1123,PSYC201
S1123,PSYC204
S1123,PSYC306
S1123,PSYC408
S1123,STAT106
S1124,COMP106
S1124,COMP201
S1124,COMP205
S1124,PHIL102
S1124,PSYC203
S1125,COMP203
S1125,COMP207
S1125,COMP301
S1125,PHIL304
S1125,STAT103
S1126,COMP106
S1126,PHIL403
S1126,PHIL404
S1126,PHIL406
S1126,PHIL504
S1126,PSYC206
S1127,PHIL106
S1127,PHIL208
S1127,PHIL302
S1128,PHIL303
S1128,PSYC308
S1128,STAT208
S1128,STAT301
S1128,STAT407
S1129,ECON306
S1129,ECON403
S1129,ECON501
S1129,ECON502
S1129,ECON507
S1130,ECON101
S1130,ECON102
S1130,ECON108
S1130,ECON204
S1130,ECON206
S1131,COMP103
S1131,COMP105
S1131,COMP206
S1132,COMP103
S1132,PHIL102
S1132,PHIL103
S1132,PHIL202
S1132,PHIL203
S1133,ECON302
S1133,PHIL201
S1133,PHIL301
S1133,PHIL402
S1133,PHIL403
S1133,PHIL406
S1133,STAT106
S1134,MATH301
S1134,MATH404
S1134,MATH407
S1134,MATH506
S1134,PSYC203
S1135,MATH106
S1135,PHIL105
S1135,PHIL307
S1135,STAT101
S1135,STAT205
S1135,STAT301
S1136,COMP108
S1136,COMP209
S1136,MATH105
S1136,MATH304
S1136,STAT103
S1137,STAT208
S1137,STAT305
S1137,STAT306
S1137,STAT402
S1137,STAT408
S1138,PSYC103
S1138,PSYC206
S1139,ECON208
S1139,PHIL104
S1139,STAT303
S1139,STAT304
S1139,STAT403
S1139,STAT408
S1139,STAT504
S1140,ECON205
S1140,PHIL102
S1140,PHIL104
S1140,PHIL106
S1140,PHIL206
S1140,PHIL208
S1140,PSYC205
S1141,MATH107
S1141,PHIL103
S1141,PHIL107
S1141,PHIL207
S1141,PSYC304
S1142,ECON103
S1142,ECON208
S1142,ECON303
S1142,MATH106
S1142,PHIL105
S1142,STAT107
S1143,COMP305
S1143,COMP309
S1143,COMP405
S1143,COMP503
S1143,ECON101
S1143,PHIL504
S1143,PSYC307
S1144,PHIL104
S1144,PSYC102
S1144,PSYC206
S1144,STAT104
S1144,STAT207
S1145,ECON104
S1145,ECON307
S1145,MATH107
S1145,MATH207
S1146,COMP202
S1146,ECON103
S1146,ECON106
S1146,ECON205
S1146,ECON207
S1146,MATH104
S1146,STAT102
S1147,STAT301
S1147,STAT305
S1147,STAT405
S1147,STAT502
S1147,STAT503
S1147,STAT507
S1148,COMP106
S1148,COMP201
S1148,ECON106
S1148,PHIL106
S1148,PHIL301
S1149,ECON102
S1149,PHIL302
S1149,PHIL401
S1149,PHIL403
S1149,PHIL506
S1150,PHIL307
S1150,STAT103
S1150,STAT104
S1150,STAT107
S1150,STAT308
S1151,PHIL103
S1151,PSYC106
S1151,STAT202
S1151,STAT203
S1151,STAT204
S1151,STAT304
S1151,STAT308
S1152,COMP105
S1152,COMP203
S1152,COMP204
S1152,ECON102
S1152,STAT105
S1153,MATH405
S1153,MATH501
S1153,MATH502
S1153,MATH506
S1153,PSYC106
S1153,STAT101
S1154,MATH109
S1154,PHIL106
S1154,STAT303
S1154,STAT305
S1154,STAT308
S1154,STAT405
S1155,ECON107
S1155,MATH102
S1155,STAT301
S1155,STAT403
S1155,STAT503
S1155,STAT505
S1155,STAT506
S1156,COMP103
S1156,ECON102
S1156,ECON202
S1156,ECON203
S1156,ECON208
S1157,ECON204
S1157,PHIL403
S1157,STAT101
S1157,STAT102
S1157,STAT103
S1157,STAT205
S1158,MATH106
S1158,MATH108
S1158,MATH202
S1158,MATH204
S1158,MATH209
S1159,COMP401
S1159,PHIL203
S1159,PHIL302
S1159,PHIL307
S1159,STAT102
S1160,MATH206
S1160,MATH207
S1160,MATH302
S1160,MATH305
S1160,PSYC104
S1160,PSYC105
S1161,COMP206
S1161,PSYC202
S1161,PSYC208
S1161,PSYC307
S1161,PSYC403
S1162,COMP107
S1162,MATH103
S1162,PHIL108
S1162,PSYC105
S1162,PSYC108
S1162,PSYC207
S1162,PSYC307
S1163,MATH201
S1163,PHIL503
S1163,PSYC202
S1163,PSYC204
S1163,PSYC308
S1164,COMP205
S1164,ECON105
S1164,PHIL401
S1164,PHIL404
S1164,PHIL406
S1164,PHIL508
S1165,COMP201
S1165,MATH202
S1165,PSYC204
S1165,PSYC208
S1165,STAT104
S1166,COMP107
S1166,COMP207
S1166,ECON104
S1166,ECON108
S1166,ECON201
S1166,ECON207
S1166,STAT404
S1167,COMP301
S1167,COMP304
S1167,COMP307
S1167,COMP401
S1167,COMP501
S1167,COMP502
S1168,ECON102
S1168,ECON103
S1168,ECON201
S1168,ECON207
S1168,MATH205
S1168,PSYC103
S1169,COMP105
S1169,COMP106
S1169,COMP204
S1169,ECON103
S1169,MATH104
S1170,COMP101
S1170,COMP207
S1170,COMP303
S1170,MATH202
S1170,PSYC307
S1170,STAT106
S1171,MATH108
S1171,PHIL107
S1171,PSYC305
S1171,PSYC306
S1171,PSYC308
S1171,STAT401
S1172,ECON205
S1172,ECON304
S1172,ECON305
S1172,ECON404
S1172,ECON406
S1173,MATH107
S1173,MATH202
S1173,MATH205
S1173,MATH206
S1174,COMP404
S1174,PHIL108
S1174,STAT102
S1174,STAT106
S1174,STAT108
S1174,STAT204
S1175,COMP101
S1175,COMP106
S1175,PHIL103
S1175,PHIL107
S1175,PHIL203
S1175,PHIL208
S1176,COMP102
S1176,PHIL302
S1176,PHIL307
S1176,PHIL504
S1176,PHIL506
S1177,COMP105
S1177,COMP106
S1177,COMP108
S1177,COMP305
S1177,PHIL107
S1178,MATH101
S1178,MATH103
S1178,MATH109
S1178,MATH209
S1179,PSYC103
S1179,PSYC104
S1179,PSYC105
S1179,PSYC201
S1179,PSYC206
S1179,PSYC301
S1179,PSYC305
S1180,ECON305
S1180,ECON404
S1180,ECON501
S1180,ECON505
S1180,MATH203
S1180,STAT308
S1181,COMP102
S1181,MATH203
S1181,MATH205
S1181,MATH207
S1181,MATH302
S1182,COMP303
S1182,COMP307
S1182,COMP309
S1182,COMP402
S1182,COMP406
S1183,COMP306
S1183,ECON101
S1183,ECON104
S1183,ECON201
S1183,ECON202
S1183,PHIL107
S1183,PSYC102
S1184,COMP206
S1184,ECON301
S1184,ECON308
S1184,ECON405
S1184,ECON502
S1184,ECON504
S1184,STAT101
S1185,COMP109
S1185,COMP203
S1185,COMP303
S1185,COMP304
S1185,COMP308
S1185,ECON103
S1185,PHIL106
S1186,PHIL204
S1186,PSYC206
S1186,PSYC307
S1186,PSYC403
S1186,PSYC405
S1186,PSYC407
S1186,STAT106
S1187,ECON104
S1187,ECON105
S1187,ECON201
S1187,ECON205
S1187,ECON207
S1187,PHIL101
S1187,PHIL103
S1188,MATH104
S1188,MATH109
S1188,MATH203
S1188,MATH205
S1188,MATH309
S1188,PHIL105
S1188,STAT107
S1189,COMP101
S1189,COMP102
S1189,COMP104
S1189,ECON104
S1189,ECON203
S1189,ECON304
S1190,MATH105
S1190,MATH109
S1190,PSYC108
S1190,PSYC202
S1190,PSYC203
S1191,MATH301
S1191,MATH302
S1191,MATH309
S1191,MATH403
S1191,MATH406
S1191,MATH504
S1191,MATH508
S1192,COMP304
S1192,ECON201
S1192,ECON206
S1192,STAT106
S1192,STAT204
S1193,ECON108
S1193,MATH305
S1193,PHIL303
S1193,PSYC106
S1193,PSYC108
S1193,PSYC202
S1194,ECON103
S1194,PSYC103
S1194,PSYC202
S1194,STAT105
S1194,STAT202
S1194,STAT305
S1195,PSYC304
S1195,PSYC307
S1195,PSYC308
S1195,PSYC407
S1195,PSYC408
S1196,MATH201
S1196,MATH206
S1196,MATH308
S1196,MATH309
S1196,MATH407
S1196,MATH408
S1196,STAT205
S1197,COMP103
S1197,COMP108
S1197,ECON101
S1197,MATH107
S1197,MATH205
S1197,MATH208
S1198,COMP202
S1198,ECON307
S1198,ECON406
S1198,ECON503
S1198,PHIL103
S1199,COMP109
S1199,ECON108
S1199,PSYC302
S1199,PSYC307
S1199,PSYC308
S1199,PSYC407
S1200,COMP308
S1200,ECON101
S1200,ECON108
S1200,ECON206
S1200,ECON307
S1200,ECON308
S1200,STAT105
S1201,MATH205
S1201,MATH206
S1201,MATH304
S1201,MATH309
S1201,MATH402
S1201,MATH405
S1201,MATH409
S1202,COMP101
S1202,COMP102
S1202,COMP107
S1202,COMP203
S1202,COMP301
S1202,COMP304
S1202,COMP305
S1203,COMP102
S1203,MATH309
S1203,STAT101
S1203,STAT104
S1203,STAT105
S1203,STAT202
S1203,STAT204
S1204,COMP107
S1204,ECON106
S1204,ECON305
S1204,ECON307
S1204,STAT108
S1205,COMP201
S1205,PHIL302
S1205,PSYC107
S1205,PSYC202
S1205,PSYC206
S1205,PSYC305
S1205,PSYC307
S1206,PHIL103
S1206,PHIL106
S1206,PHIL204
S1206,PHIL205
S1206,PHIL208
S1206,PHIL308
S1207,PSYC104
S1207,PSYC107
S1207,PSYC108
S1207,PSYC201
S1207,PSYC208
S1208,ECON104
S1208,PHIL206
S1208,STAT102
S1208,STAT103
S1208,STAT205
S1208,STAT208
S1209,MATH101
S1209,MATH103
S1209,MATH209
S1210,ECON102
S1210,ECON103
S1210,ECON105
S1210,ECON201
S1210,ECON205
S1211,PHIL302
S1211,PHIL305
S1211,PHIL504
S1211,PHIL507
S1211,PSYC101
S1211,STAT104
S1212,MATH103
S1212,MATH106
S1212,MATH109
S1212,MATH205
S1212,MATH206
S1213,COMP306
S1213,MATH104
S1213,MATH206
S1213,MATH207
S1213,STAT105
S1214,COMP103
S1214,PHIL101
S1214,PHIL106
S1214,PHIL204
S1214,PHIL302
S1214,PHIL305
S1214,PHIL306
S1215,STAT104
S1215,STAT107
S1215,STAT205
S1215,STAT206
S1215,STAT208
S1216,ECON108
S1216,ECON304
S1216,ECON307
S1216,PSYC103
S1216,STAT106
S1217,COMP208
S1217,PSYC305
S1217,PSYC308
S1217,PSYC402
S1217,PSYC405
S1217,PSYC502
S1217,STAT102
S1218,PSYC101
S1218,PSYC105
S1218,PSYC203
S1218,PSYC304
S1219,COMP109
S1219,COMP204
S1219,COMP206
S1219,ECON307
S1219,MATH103
S1220,PSYC401
S1220,PSYC402
S1220,PSYC502
S1220,PSYC503
S1220,PSYC504
S1220,STAT104
S1220,STAT304
S1221,COMP208
S1221,ECON101
S1221,PSYC306
S1221,PSYC402
S1221,PSYC501
S1221,PSYC505
S1222,COMP102
S1222,COMP107
S1222,COMP204
S1222,COMP305
S1222,ECON104
S1222,PSYC107
S1223,ECON101
S1223,PHIL105
S1223,PSYC208
S1223,STAT206
S1223,STAT304
S1223,STAT306
S1223,STAT307
S1224,ECON107
S1224,PSYC203
S1224,STAT108
S1224,STAT201
S1224,STAT202
S1225,PSYC207
S1225,STAT101
S1225,STAT104
S1225,STAT105
S1225,STAT207
S1226,COMP102
S1226,COMP202
S1226,COMP206
S1226,COMP301
S1226,PHIL106
S1227,PHIL305
S1227,PHIL306
S1227,PHIL504
S1227,PHIL507
S1227,STAT104
S1227,STAT106
S1228,ECON308
S1228,ECON403
S1228,MATH403
S1228,MATH405
S1228,MATH506
S1228,MATH507
S1228,PHIL406
S1229,PHIL105
S1229,STAT205
S1229,STAT301
S1229,STAT402
S1229,STAT406
S1229,STAT407
S1230,ECON103
S1230,ECON105
S1230,ECON203
S1230,ECON302
S1230,PSYC405
S1230,STAT102
S1231,COMP204
S1231,COMP207
S1231,COMP209
S1231,COMP302
S1231,COMP303
S1231,STAT308
S1232,COMP404
S1232,COMP405
S1232,COMP508
S1232,ECON208
S1232,PHIL201
S1233,ECON103
S1233,ECON106
S1233,ECON201
S1233,ECON208
S1233,STAT302
S1234,COMP108
S1234,ECON102
S1234,PHIL307
S1234,PSYC102
S1234,PSYC107
S1234,PSYC207
S1235,COMP103
S1235,COMP403
S1235,PHIL101
S1235,PHIL102
S1235,PHIL202
S1235,PSYC107
S1236,COMP101
S1236,ECON302
S1236,ECON308
S1236,ECON406
S1236,ECON407
S1236,PSYC305
S1237,ECON104
S1237,MATH207
S1237,MATH303
S1237,MATH306
S1237,MATH401
S1237,MATH402
S1237,MATH405
S1238,PHIL403
S1238,PHIL405
S1238,PHIL407
S1238,PHIL502
S1238,PSYC201
S1239,COMP108
S1239,PSYC103
S1239,PSYC105
S1239,PSYC304
S1239,STAT105
S1240,ECON101
S1240,MATH204
S1240,MATH206
S1240,MATH301
S1240,MATH406
S1241,COMP109
S1241,COMP307
S1241,STAT201
S1241,STAT206
S1241,STAT207
S1241,STAT307
S1241,STAT401
S1242,COMP307
S1242,ECON102
S1242,PHIL403
S1242,PHIL405
S1242,PHIL407
S1242,PHIL506
S1242,PHIL508
S1243,COMP102
S1243,COMP103
S1243,COMP202
S1243,COMP203
S1243,COMP206
S1243,MATH108
S1243,MATH208
S1244,ECON105
S1244,ECON204
S1244,PSYC104
S1244,PSYC202
S1244,PSYC205
S1244,STAT108
S1245,PSYC107
S1245,PSYC108
S1245,PSYC204
S1245,PSYC305
S1245,PSYC306
S1246,COMP304
S1246,ECON201
S1246,PHIL203
S1246,PHIL401
S1246,PHIL404
S1246,PHIL405
S1247,PHIL105
S1247,PSYC105
S1247,STAT207
S1247,STAT302
S1247,STAT304
S1247,STAT305
S1248,COMP105
S1248,PSYC407
S1248,PSYC501
S1248,PSYC502
S1248,STAT105
S1248,STAT304
S1249,MATH202
S1249,MATH203
S1249,MATH207
S1249,MATH306
S1249,MATH307
S1249,MATH401
S1249,MATH409
S1250,MATH101
S1250,MATH109
S1250,PSYC106
S1250,PSYC203
S1250,PSYC206
S1250,STAT108
S1251,PSYC406
S1251,PSYC407
S1251,PSYC502
S1251,PSYC506
S1251,STAT107
S1252,ECON201
S1252,ECON204
S1252,ECON303
S1252,PHIL204
S1252,STAT202
S1253,COMP109
S1253,COMP202
S1253,COMP301
S1253,COMP308
S1253,COMP309
S1254,COMP202
S1254,PSYC307
S1254,STAT306
S1254,STAT405
S1254,STAT406
S1254,STAT501
S1254,STAT506
S1255,MATH108
S1255,PHIL107
S1255,PSYC202
S1255,PSYC206
S1255,PSYC306
S1255,PSYC404
S1255,PSYC405
S1256,ECON102
S1256,ECON103
S1256,ECON204
S1256,ECON205
S1256,PHIL104
S1256,STAT207
S1256,STAT208
S1257,MATH203
S1257,MATH303
S1257,MATH307
S1257,MATH403
S1257,PHIL304
S1258,MATH209
S1258,PHIL201
S1258,PSYC102
S1258,PSYC205
S1258,STAT201
S1259,ECON208
S1259,PSYC101
S1259,STAT102
S1259,STAT105
S1259,STAT205
S1259,STAT207
S1260,ECON102
S1260,MATH106
S1260,PSYC106
S1260,STAT206
S1260,STAT207
S1260,STAT307
S1261,COMP107
S1261,COMP208
S1261,ECON203
S1261,PHIL204
S1262,COMP103
S1262,PHIL202
S1262,PSYC102
S1262,PSYC204
S1262,PSYC205
S1263,COMP306
S1263,ECON306
S1263,ECON404
S1263,ECON501
S1263,ECON505
S1263,ECON508
S1264,COMP106
S1264,COMP107
S1264,COMP201
S1264,COMP204
S1264,ECON206
S1265,COMP105
S1265,MATH104
S1265,MATH107
S1265,MATH203
S1265,MATH206
S1266,ECON202
S1266,ECON203
S1266,ECON304
S1266,ECON402
S1266,ECON405
S1266,STAT107
S1267,ECON202
S1267,ECON302
S1267,ECON304
S1267,ECON402
S1267,PHIL108
S1267,PHIL207
S1267,PHIL303
S1268,COMP201
S1268,COMP206
S1268,COMP303
S1268,COMP304
S1268,COMP306
S1269,COMP101
S1269,MATH108
S1269,MATH206
S1269,MATH207
S1269,PHIL101
S1270,MATH101
S1270,PHIL208
S1270,STAT102
S1270,STAT201
S1271,COMP105
S1271,COMP207
S1271,COMP301
S1271,COMP306
S1271,COMP307
S1272,PHIL501
S1272,PSYC101
S1272,PSYC105
S1272,PSYC202
S1272,STAT505
S1273,COMP109
S1273,COMP209
S1273,PHIL101
S1273,PHIL102
S1273,PHIL206
S1274,PHIL104
S1274,PHIL105
S1274,PHIL205
S1274,PHIL207
S1274,STAT303
S1275,MATH107
S1275,MATH201
S1275,MATH202
S1275,MATH205
S1276,COMP201
S1276,PHIL301
S1276,PSYC103
S1276,PSYC203
S1276,PSYC206
S1277,PHIL105
S1277,PHIL201
S1277,PHIL206
S1278,ECON205
S1278,MATH101
S1278,MATH102
S1278,MATH202
S1278,MATH209
S1278,STAT501
S1279,ECON101
S1279,ECON105
S1279,ECON108
S1279,ECON201
S1279,ECON203
S1279,PSYC108
S1279,STAT103
S1280,ECON201
S1280,ECON303
S1280,ECON305
S1280,PHIL103
S1280,PHIL208
S1281,ECON404
S1281,ECON407
S1281,ECON506
S1281,ECON508
S1281,PHIL102
S1281,PHIL205
S1282,ECON304
S1282,PHIL104
S1282,PSYC103
S1282,PSYC201
S1282,PSYC205
S1283,PHIL102
S1283,PHIL103
S1283,PHIL107
S1283,PHIL202
S1283,PHIL207
S1284,MATH209
S1284,MATH303
S1284,MATH307
S1284,MATH407
S1284,PSYC106
S1285,ECON104
S1285,PHIL102
S1285,PHIL103
S1285,PHIL105
S1285,PSYC302
S1286,COMP101
S1286,ECON205
S1286,PHIL106
S1286,STAT107
S1286,STAT108
S1287,PHIL205
S1287,PHIL303
S1287,PHIL307
S1287,PHIL308
S1287,PSYC207
S1288,COMP102
S1288,ECON108
S1288,ECON201
S1288,ECON208
S1288,PHIL207
S1289,ECON106
S1289,PSYC202
S1289,STAT104
S1289,STAT204
S1289,STAT207
S1290,ECON106
S1290,ECON203
S1290,MATH109
S1290,MATH201
S1290,MATH205
S1290,MATH206
S1291,ECON303
S1291,ECON305
S1291,ECON307
S1291,ECON401
S1291,ECON505
S1291,PHIL308
S1292,COMP106
S1292,COMP202
S1292,COMP203
S1292,COMP206
S1292,COMP301
S1292,MATH201
S1293,COMP105
S1293,COMP106
S1293,COMP201
S1293,COMP202
S1293,COMP204
S1294,COMP103
S1294,MATH106
S1294,MATH107
S1294,MATH309
S1294,PHIL104
S1295,PSYC302
S1295,PSYC304
S1295,PSYC405
S1295,PSYC503
S1296,COMP103
S1296,COMP206
S1296,COMP208
S1296,COMP304
S1296,COMP307
S1296,PHIL105
S1296,PSYC102
S1297,MATH105
S1297,MATH108
S1297,MATH109
S1297,MATH205
S1297,MATH208
S1297,PSYC104
S1298,ECON304
S1298,PSYC105
S1298,PSYC107
S1298,PSYC108
S1298,PSYC202
S1298,PSYC203
S1299,COMP308
S1299,COMP501
S1299,PSYC104
S1299,PSYC106
S1299,PSYC307
S1300,MATH101
S1300,MATH102
S1300,MATH105
S1300,MATH201
S1300,PSYC104
S1300,PSYC205
S1300,PSYC206
S1301,MATH108
S1301,PSYC205
S1301,STAT103
S1301,STAT106
S1301,STAT207
S1301,STAT306
S1302,ECON101
S1302,ECON103
S1302,ECON206
S1302,MATH206
S1302,PSYC204
S1303,ECON104
S1303,MATH305
S1303,MATH306
S1303,PSYC205
S1303,PSYC307
S1303,PSYC405
S1303,PSYC408
S1304,MATH301
S1304,MATH405
S1304,MATH501
S1304,MATH508
S1304,PHIL302
S1304,PSYC108
S1305,COMP105
S1305,COMP206
S1305,ECON103
S1305,ECON207
S1305,MATH108
S1306,MATH203
S1306,PHIL106
S1306,PSYC107
S1306,PSYC108
S1306,PSYC202
S1306,PSYC204
S1307,COMP102
S1307,COMP106
S1307,COMP202
S1307,COMP208
S1307,MATH408
S1307,PHIL205
S1307,STAT107
S1308,ECON201
S1308,ECON204
S1308,ECON301
S1308,ECON405
S1309,MATH101
S1309,MATH105
S1309,MATH206
S1309,MATH309
S1310,PHIL101
S1310,PHIL203
S1310,PHIL207
S1310,PHIL302
S1310,PHIL304
S1310,PHIL305
S1311,COMP105
S1311,COMP203
S1311,COMP207
S1312,MATH109
S1312,MATH202
S1312,MATH207
S1312,MATH209
S1312,MATH303
S1313,COMP202
S1313,PSYC308
S1313,PSYC404
S1313,PSYC408
S1313,PSYC504
S1313,STAT105
S1314,ECON102
S1314,ECON104
S1314,ECON204
S1314,ECON206
S1314,MATH107
S1314,PSYC105
S1315,PHIL106
S1315,PHIL108
S1315,PHIL303
S1315,PHIL307
S1315,PHIL308
S1316,MATH101
S1316,MATH102
S1316,MATH107
S1316,MATH201
S1316,MATH204
S1316,MATH308
S1317,COMP402
S1317,COMP408
S1317,ECON104
S1317,ECON303
S1317,PSYC503
S1318,PHIL104
S1318,PHIL106
S1318,PHIL107
S1318,PHIL204
S1318,PHIL307
S1318,PHIL308
S1319,MATH105
S1319,PHIL204
S1319,STAT103
S1319,STAT201
S1319,STAT208
S1320,COMP102
S1320,COMP103
S1320,COMP104
S1320,COMP205
S1320,ECON102
S1320,PHIL202
S1321,COMP105
S1321,COMP108
S1321,COMP202
S1321,COMP204
S1321,COMP205
S1322,COMP207
S1322,PHIL203
S1322,PSYC401
S1322,PSYC408
S1322,PSYC506
S1322,PSYC507
S1323,COMP103
S1323,MATH104
S1323,MATH201
S1323,MATH202
S1323,PHIL202
S1324,ECON107
S1324,PHIL107
S1324,PHIL205
S1324,PHIL208
S1324,PSYC108
S1325,COMP303
S1325,COMP304
S1325,COMP306
S1325,COMP401
S1325,COMP402
S1325,COMP509
S1326,COMP101
S1326,COMP108
S1326,COMP205
S1326,COMP301
S1326,COMP308
S1326,PHIL203
S1327,COMP104
S1327,COMP107
S1327,MATH101
S1327,MATH206
S1327,MATH303
S1327,PSYC104
S1328,PSYC108
S1328,STAT104
S1328,STAT108
S1328,STAT201
S1328,STAT203
S1328,STAT204
S1329,ECON106
S1329,ECON306
S1329,PSYC203
S1329,PSYC302
S1329,PSYC303
S1330,ECON206
S1330,ECON401
S1330,ECON403
S1330,ECON406
S1330,MATH101
S1331,PHIL103
S1331,PHIL106
S1331,PHIL108
S1331,PHIL203
S1331,PHIL206
S1331,STAT108
S1332,MATH206
S1332,PHIL105
S1332,STAT103
S1332,STAT108
S1332,STAT203
S1332,STAT205
S1333,ECON201
S1333,ECON203
S1333,ECON205
S1333,ECON308
S1333,ECON404
S1333,ECON408
S1333,MATH109
S1334,ECON201
S1334,ECON202
S1334,ECON208
S1334,PSYC103
S1334,PSYC206
S1335,ECON104
S1335,ECON107
S1335,ECON204
S1335,ECON205
S1335,ECON302
S1335,ECON307
S1336,COMP309
S1336,COMP402
S1336,COMP404
S1336,COMP509
S1336,MATH106
S1336,PHIL204
S1337,PSYC204
S1337,PSYC207
S1337,PSYC305
S1337,PSYC308
S1337,STAT101
S1338,ECON301
S1338,ECON302
S1338,ECON305
S1338,ECON405
S1338,ECON502
S1338,ECON503
S1338,MATH304
S1339,ECON201
S1339,ECON204
S1339,ECON304
S1339,ECON402
S1339,ECON404
S1339,STAT207
S1340,ECON202
S1340,ECON305
S1340,ECON407
S1340,PHIL107
S1340,PSYC108
S1340,STAT102
S1341,PSYC102
S1341,PSYC105
S1341,PSYC108
S1341,PSYC202
S1341,PSYC205
S1342,COMP204
S1342,PSYC102
S1342,STAT105
S1342,STAT205
S1343,ECON104
S1343,PHIL102
S1343,PHIL108
S1343,PHIL205
S1343,PHIL301
S1343,PHIL308
S1344,COMP309
S1344,STAT201
S1344,STAT303
S1344,STAT305
S1344,STAT408
S1345,COMP106
S1345,ECON201
S1345,STAT208
S1345,STAT306
S1345,STAT401
S1345,STAT404
S1346,PHIL105
S1346,PHIL106
S1346,PHIL203
S1346,PHIL306
S1347,ECON102
S1347,ECON103
S1347,ECON106
S1347,ECON208
S1347,PSYC306
S1348,PHIL108
S1348,PHIL204
S1349,ECON106
S1349,ECON108
S1349,ECON201
S1349,ECON204
S1349,ECON206
S1350,MATH106
S1350,PHIL107
S1350,PHIL206
S1350,PHIL208
S1350,PSYC104
S1350,STAT301
S1351,ECON108
S1351,PSYC105
S1351,PSYC202
S1351,PSYC203
S1351,PSYC304
S1351,STAT104
S1352,STAT305
S1352,STAT306
S1352,STAT401
S1352,STAT403
S1352,STAT506
S1352,STAT507
S1352,STAT508
S1353,ECON205
S1353,PSYC404
S1353,PSYC501
S1353,PSYC502
S1353,STAT203
S1354,STAT201
S1354,STAT208
S1354,STAT306
S1354,STAT401
S1354,STAT402
S1354,STAT405
S1355,MATH106
S1355,MATH209
S1355,PSYC102
S1355,STAT101
S1356,MATH101
S1356,MATH103
S1356,MATH204
S1356,STAT108
S1356,STAT304
S1357,ECON401
S1357,ECON506
S1357,ECON508
S1357,PHIL106
S1357,PSYC104
S1358,ECON107
S1358,ECON201
S1358,ECON202
S1358,ECON207
S1358,MATH209
S1358,PSYC207
S1359,MATH202
S1359,PHIL103
S1359,PHIL201
S1359,PSYC104
S1359,PSYC207
S1360,COMP103
S1360,PHIL104
S1360,PHIL108
S1360,PHIL205
S1360,PHIL208
S1361,COMP303
S1361,PHIL101
S1361,PHIL107
S1361,PHIL203
S1361,STAT101
S1362,MATH105
S1362,PHIL107
S1362,STAT101
S1362,STAT102
S1362,STAT106
S1363,COMP208
S1363,ECON201
S1363,ECON205
S1363,PHIL104
S1363,PHIL203
S1364,COMP204
S1364,MATH103
S1364,PSYC101
S1364,PSYC106
S1364,PSYC206
S1364,PSYC302
S1365,ECON303
S1365,ECON304
S1365,ECON308
S1365,ECON402
S1365,ECON407
S1366,COMP305
S1366,COMP307
S1366,COMP308
S1366,COMP403
S1366,COMP407
S1367,COMP305
S1367,COMP308
S1367,COMP508
S1367,ECON108
S1367,MATH209
S1367,PHIL108
S1368,ECON104
S1368,ECON106
S1368,ECON208
S1368,MATH105
S1368,MATH304
S1368,PSYC501
S1369,MATH401
S1369,MATH406
S1369,MATH409
S1369,MATH505
S1369,PSYC108
S1369,STAT303
S1370,PHIL303
S1370,PHIL304
S1370,PHIL401
S1370,PHIL502
S1370,PHIL506
S1371,MATH109
S1371,MATH207
S1371,PSYC304
S1371,PSYC405
S1371,PSYC508
S1372,COMP106
S1372,COMP202
S1372,COMP209
S1372,PHIL103
S1372,PSYC102
S1373,COMP102
S1373,COMP204
S1373,PSYC103
S1373,PSYC105
S1373,PSYC302
S1373,PSYC307
S1374,MATH401
S1374,MATH406
S1374,MATH408
S1374,MATH505
S1374,MATH507
S1375,ECON203
S1375,ECON302
S1375,ECON407
S1375,PHIL101
S1375,STAT108
S1376,COMP109
S1376,MATH104
S1376,PHIL105
S1376,PHIL201
S1376,PHIL205
S1376,PHIL207
S1376,PSYC407
S1377,COMP104
S1377,COMP201
S1377,COMP206
S1377,COMP209
S1377,PSYC108
S1377,PSYC201
S1378,ECON102
S1378,ECON103
S1378,ECON107
S1378,ECON203
S1378,PHIL101
S1378,PHIL202
S1379,COMP103
S1379,ECON206
S1379,MATH109
S1379,PHIL107
S1379,PHIL108
S1379,PHIL201
S1380,STAT101
S1380,STAT105
S1380,STAT203
S1380,STAT208
S1380,STAT302
S1380,STAT304
S1380,STAT306
S1381,STAT101
S1381,STAT104
S1381,STAT108
S1381,STAT202
S1381,STAT203
S1381,STAT208
S1382,ECON205
S1382,ECON207
S1382,ECON401
S1382,ECON404
S1382,ECON407
S1382,PHIL107
S1382,STAT203
S1383,STAT401
S1383,STAT404
S1383,STAT406
S1383,STAT502
S1384,COMP203
S1384,COMP207
S1384,ECON203
S1384,PHIL208
S1384,PHIL307
S1384,PHIL401
S1385,PHIL104
S1385,PHIL107
S1385,STAT205
S1385,STAT303
S1385,STAT305
S1385,STAT401
S1385,STAT402
S1386,MATH404
S1386,PSYC301
S1386,STAT307
S1386,STAT308
S1386,STAT405
S1387,COMP107
S1387,ECON402
S1387,ECON501
S1387,ECON507
S1387,PSYC106
S1387,STAT308
S1388,COMP204
S1388,ECON102
S1388,ECON203
S1388,ECON205
S1388,ECON206
S1388,ECON306
S1388,MATH108
S1389,COMP104
S1389,PSYC101
S1389,PSYC106
S1389,PSYC202
S1389,STAT105
S1390,COMP108
S1390,MATH202
S1390,MATH204
S1390,MATH301
S1390,MATH303
S1390,PSYC108
S1391,COMP308
S1391,COMP408
S1391,STAT203
S1391,STAT205
S1391,STAT302
S1391,STAT308
S1391,STAT402
S1392,COMP106
S1392,COMP206
S1392,COMP207
S1392,PHIL102
S1392,PHIL108
S1392,PSYC307
S1393,PSYC103
S1393,PSYC108
S1393,PSYC203
S1393,PSYC208
S1393,PSYC301
S1394,PHIL302
S1394,PHIL402
S1394,PHIL405
S1394,PHIL406
S1394,PHIL505
S1395,COMP403
S1395,ECON107
S1395,ECON204
S1395,ECON207
S1395,PSYC106
S1395,STAT106
S1396,MATH104
S1396,PHIL304
S1396,STAT106
S1396,STAT205
S1396,STAT207
S1397,ECON306
S1397,ECON404
S1397,ECON408
S1397,ECON504
S1397,ECON508
S1398,STAT102
S1398,STAT103
S1398,STAT105
S1398,STAT207
S1399,ECON101
S1399,MATH103
S1399,PHIL101
S1399,PHIL201
S1399,PHIL204
S1400,ECON101
S1400,ECON202
S1400,ECON203
S1400,ECON207
S1400,PHIL308
S1400,PSYC103
S1401,COMP301
S1401,ECON201
S1401,ECON206
S1401,ECON303
S1401,ECON405
S1402,ECON106
S1402,PSYC103
S1402,PSYC201
S1402,PSYC206
S1402,STAT301
S1403,COMP403
S1403,COMP503
S1403,COMP505
S1403,ECON404
S1403,PSYC101
S1404,COMP209
S1404,PHIL104
S1404,PSYC103
S1404,PSYC204
S1404,STAT106
S1405,ECON101
S1405,ECON202
S1405,ECON205
S1405,ECON206
S1406,ECON303
S1406,PHIL201
S1406,PHIL208
S1406,PHIL306
S1406,PSYC108
S1407,COMP101
S1407,ECON302
S1407,ECON303
S1407,ECON407
S1407,MATH104
S1408,COMP101
S1408,COMP201
S1408,COMP208
S1409,ECON102
S1409,ECON106
S1409,ECON108
S1409,ECON208
S1409,ECON302
S1409,MATH204
S1409,MATH208
S1410,PSYC402
S1410,PSYC406
S1410,PSYC503
S1410,PSYC504
S1410,PSYC506
S1411,PSYC107
S1411,PSYC201
S1411,PSYC207
S1412,ECON107
S1412,ECON201
S1412,ECON202
S1412,STAT207
S1412,STAT301
S1413,PHIL206
S1413,PSYC104
S1413,STAT103
S1413,STAT204
S1413,STAT307
S1414,COMP302
S1414,COMP309
S1414,COMP401
S1414,COMP402
S1414,COMP406
S1414,COMP509
S1415,MATH106
S1415,MATH204
S1416,COMP302
S1416,COMP305
S1416,COMP403
S1416,COMP507
S1416,MATH108
S1416,PHIL102
S1416,PSYC204
S1417,ECON105
S1417,ECON202
S1417,ECON306
S1417,ECON307
S1417,PSYC207
S1418,PHIL305
S1418,PSYC104
S1418,PSYC105
S1418,PSYC108
S1418,PSYC203
S1418,STAT205
S1419,STAT102
S1419,STAT103
S1419,STAT201
S1419,STAT203
S1419,STAT208
S1420,COMP107
S1420,COMP205
S1420,COMP207
S1420,COMP304
S1420,COMP307
S1421,ECON207
S1421,MATH104
S1421,MATH106
S1421,MATH206
S1421,MATH207
S1421,PSYC101
S1422,ECON306
S1422,MATH101
S1422,PSYC105
S1422,PSYC207
S1422,STAT207
S1423,ECON101
S1423,ECON102
S1423,ECON107
S1423,ECON203
S1423,ECON205
S1424,COMP105
S1424,COMP106
S1424,COMP201
S1424,COMP203
S1424,COMP204
S1424,PHIL205
S1425,COMP203
S1425,MATH106
S1425,MATH203
S1425,MATH209
S1425,MATH308
S1425,STAT104
S1426,ECON303
S1426,ECON306
S1426,ECON404
S1426,MATH102
S1426,PHIL103
S1427,STAT303
S1427,STAT401
S1427,STAT405
S1427,STAT406
S1427,STAT502
S1427,STAT508
S1428,COMP105
S1428,COMP107
S1428,COMP206
S1428,COMP209
S1428,PHIL101
S1429,COMP407
S1429,STAT205
S1429,STAT302
S1429,STAT307
S1429,STAT406
S1429,STAT408
S1430,MATH104
S1430,PHIL105
S1430,PHIL107
S1430,PHIL108
S1430,PHIL204
S1430,PHIL207
S1431,COMP401
S1431,ECON103
S1431,PHIL401
S1431,PHIL405
S1431,PHIL502
S1431,PSYC306
S1432,MATH105
S1432,PSYC101
S1432,PSYC102
S1432,PSYC204
S1432,PSYC308
S1432,STAT203
S1433,ECON103
S1433,PHIL302
S1433,PHIL306
S1433,PHIL403
S1433,PHIL405
S1433,STAT101
S1434,COMP203
S1434,ECON101
S1434,ECON203
S1434,ECON204
S1434,ECON205
S1434,PHIL203
S1434,PHIL305
S1435,PSYC101
S1435,PSYC106
S1435,PSYC201
S1435,PSYC203
S1435,PSYC204
S1435,PSYC304
S1436,COMP103
S1436,COMP106
S1436,COMP204
S1436,COMP206
S1436,PSYC104
S1436,PSYC107
S1436,PSYC307
S1437,ECON101
S1437,ECON103
S1437,ECON201
S1437,ECON205
S1437,ECON206
S1438,ECON203
S1438,MATH103
S1438,PSYC301
S1438,PSYC305
S1438,PSYC402
S1438,PSYC503
S1438,PSYC504
S1439,ECON107
S1439,PHIL105
S1439,PHIL107
S1439,PHIL205
S1439,PHIL208
S1439,STAT105
S1440,COMP205
S1440,PSYC102
S1440,PSYC103
S1440,PSYC104
S1440,PSYC201
S1441,PSYC204
S1441,PSYC208
S1441,PSYC307
S1441,PSYC406
S1441,PSYC408
S1442,COMP104
S1442,COMP107
S1442,COMP306
S1442,COMP308
S1442,ECON303
S1442,MATH102
S1443,ECON107
S1443,PSYC108
S1443,PSYC204
S1443,PSYC207
S1443,STAT107
S1444,ECON101
S1444,MATH204
S1444,PHIL201
S1444,PHIL205
S1444,PHIL302
S1444,PHIL308
S1444,PHIL404
S1445,ECON101
S1445,ECON103
S1445,ECON107
S1445,ECON203
S1445,ECON204
S1445,ECON205
S1446,ECON105
S1446,ECON107
S1446,PSYC404
S1446,PSYC501
S1446,PSYC502
S1446,PSYC503
S1446,STAT102
S1447,MATH303
S1447,MATH307
S1447,MATH401
S1447,MATH402
S1447,MATH407
S1448,COMP305
S1448,COMP404
S1448,COMP405
S1448,COMP506
S1448,MATH203
S1448,PHIL108
S1448,PSYC202
S1449,COMP306
S1449,MATH203
S1449,MATH208
S1449,MATH402
S1449,MATH406
S1449,PHIL108
S1449,PHIL208
S1450,COMP209
S1450,PSYC106
S1450,PSYC203
S1450,PSYC205
S1450,PSYC207
S1450,STAT107
S1451,MATH302
S1451,STAT203
S1451,STAT301
S1451,STAT304
S1451,STAT307
S1452,ECON101
S1452,PSYC104
S1452,PSYC303
S1452,STAT205
S1452,STAT303
S1452,STAT402
S1453,PSYC104
S1453,PSYC202
S1453,PSYC207
S1453,STAT107
S1453,STAT203
S1454,COMP105
S1454,COMP107
S1454,COMP203
S1454,COMP206
S1454,PHIL105
S1455,COMP108
S1455,MATH202
S1455,PHIL102
S1455,PHIL106
S1455,PHIL108
S1455,PHIL204
S1456,ECON104
S1456,PHIL302
S1456,PSYC204
S1456,PSYC302
S1456,PSYC306
S1456,PSYC406
S1456,PSYC407
S1457,PHIL101
S1457,PHIL102
S1457,PHIL203
S1457,PHIL206
S1457,STAT106
S1458,ECON205
S1458,ECON301
S1458,ECON403
S1458,ECON404
S1458,ECON405
S1459,COMP307
S1459,COMP407
S1459,COMP409
S1459,COMP503
S1459,ECON102
S1459,MATH104
S1459,PSYC303
S1460,COMP103
S1460,ECON303
S1460,ECON308
S1460,ECON404
S1460,ECON506
S1461,MATH206
S1461,MATH301
S1461,MATH302
S1461,MATH307
S1461,MATH408
S1462,MATH109
S1462,STAT204
S1462,STAT305
S1462,STAT402
S1462,STAT404
S1462,STAT407
S1463,COMP104
S1463,ECON206
S1463,MATH103
S1463,MATH107
S1463,MATH207
S1464,MATH204
S1464,MATH205
S1464,MATH208
S1464,MATH302
S1464,MATH408
S1464,PHIL304
S1465,COMP203
S1465,COMP309
S1465,COMP401
S1465,COMP406
S1465,COMP408
S1465,MATH101
S1465,STAT107
S1466,COMP108
S1466,COMP109
S1466,COMP209
S1466,MATH101
S1466,MATH207
S1466,PHIL106
S1467,MATH203
S1467,PHIL201
S1467,PSYC105
S1467,PSYC208
S1467,PSYC301
S1468,ECON101
S1468,MATH207
S1468,PHIL202
S1468,PHIL206
S1468,PHIL207
S1469,ECON201
S1469,ECON207
S1469,ECON301
S1469,ECON303
S1469,ECON306
S1470,ECON104
S1470,ECON201
S1470,ECON204
S1470,PHIL203
S1470,PSYC108
S1471,ECON102
S1471,MATH303
S1471,MATH403
S1471,MATH405
S1471,MATH407
S1471,MATH507
S1471,STAT108
S1472,MATH101
S1472,MATH103
S1472,PHIL103
S1472,PHIL205
S1472,PHIL208
S1472,PHIL301
S1473,MATH105
S1473,MATH106
S1473,MATH202
S1473,MATH208
S1473,MATH303
S1473,MATH309
S1473,PHIL102
S1474,COMP203
S1474,PHIL208
S1474,STAT301
S1474,STAT306
S1474,STAT408
S1475,MATH103
S1475,MATH206
S1475,MATH208
S1475,MATH209
S1475,PSYC308
S1475,STAT102
S1475,STAT105
S1476,PHIL201
S1476,PHIL204
S1476,PHIL207
S1476,PHIL301
S1476,PHIL302
S1476,PHIL308
S1477,COMP103
S1477,ECON104
S1477,ECON206
S1477,ECON208
S1477,ECON308
S1477,MATH202
S1478,ECON102
S1478,PHIL206
S1478,STAT104
S1478,STAT107
S1478,STAT206
S1478,STAT207
S1479,ECON304
S1479,ECON306
S1479,ECON307
S1479,ECON401
S1479,ECON406
S1479,ECON505
S1479,PSYC203
S1480,ECON107
S1480,ECON201
S1480,ECON202
S1480,ECON302
S1480,ECON308
S1480,MATH206
S1480,PHIL107
S1481,COMP105
S1481,MATH207
S1481,MATH303
S1481,MATH306
S1481,PHIL101
S1482,COMP406
S1482,COMP408
S1482,COMP502
S1482,COMP503
S1482,COMP507
S1483,MATH402
S1483,MATH408
S1483,PHIL104
S1483,PSYC101
S1483,STAT305
S1484,COMP202
S1484,COMP205
S1484,COMP306
S1484,COMP307
S1484,COMP308
S1485,ECON104
S1485,MATH201
S1485,MATH203
S1485,MATH303
S1485,MATH306
S1485,MATH307
S1486,PHIL107
S1486,PHIL201
S1486,PHIL202
S1487,COMP202
S1487,COMP206
S1487,COMP303
S1487,COMP403
S1487,PHIL204
S1487,PSYC103
S1488,ECON301
S1488,ECON404
S1488,ECON505
S1488,PHIL108
S1488,STAT103
S1489,COMP105
S1489,MATH106
S1489,PSYC102
S1489,PSYC107
S1489,PSYC207
S1489,PSYC303
S1489,PSYC307
S1490,MATH401
S1490,MATH502
S1490,MATH507
S1490,PHIL101
S1490,STAT103
S1491,PHIL203
S1491,STAT106
S1491,STAT204
S1491,STAT206
S1491,STAT302
S1492,COMP205
S1492,COMP302
S1492,COMP305
S1492,COMP405
S1492,COMP408
S1492,COMP409
S1493,COMP203
S1493,COMP209
S1493,COMP302
S1493,COMP309
S1493,COMP401
S1493,ECON102
S1493,MATH204
S1494,ECON106
S1494,ECON201
S1494,ECON203
S1494,ECON208
S1494,MATH105
S1494,MATH207
S1495,ECON103
S1495,ECON208
S1495,ECON302
S1495,ECON303
S1495,MATH407
S1496,COMP108
S1496,ECON406
S1496,PHIL107
S1496,PSYC306
S1496,PSYC402
S1496,PSYC502
S1496,PSYC505
S1497,COMP106
S1497,PHIL107
S1497,STAT201
S1497,STAT204
S1497,STAT304
S1497,STAT305
S1497,STAT408
S1498,COMP305
S1498,ECON304
S1498,PSYC401
S1498,PSYC507
S1499,COMP202
S1499,MATH109
S1499,PHIL303
S1499,STAT103
S1499,STAT108
S1499,STAT201
S1500,MATH107
S1500,MATH108
S1500,MATH204
S1500,MATH208
S1500,MATH303
S1500,MATH307
S1501,MATH103
S1501,MATH108
S1501,MATH109
S1501,MATH203
S1501,MATH209
S1501,STAT301
S1502,COMP106
S1502,ECON103
S1502,ECON201
S1502,ECON207
S1502,STAT106
S1503,COMP105
S1503,PSYC403
S1503,PSYC405
S1503,PSYC408
S1503,STAT204
S1504,COMP301
S1504,COMP302
S1504,COMP308
S1504,COMP406
S1504,COMP409
S1504,MATH305
S1505,ECON104
S1505,MATH106
S1505,PHIL104
S1505,PHIL204
S1505,PHIL208
S1506,COMP102
S1506,PSYC103
S1506,PSYC107
S1506,PSYC204
S1506,PSYC206
S1506,PSYC208
S1507,ECON307
S1507,ECON401
S1507,ECON403
S1507,ECON406
S1507,MATH108
S1507,MATH208
S1508,ECON102
S1508,ECON106
S1508,ECON107
S1508,ECON204
S1509,COMP101
S1509,ECON404
S1509,MATH101
S1509,PHIL304
S1509,PHIL406
S1509,PHIL504
S1510,COMP101
S1510,COMP102
S1510,COMP204
S1510,COMP208
S1510,ECON106
S1510,MATH205
S1511,COMP108
S1511,COMP205
S1511,COMP209
S1511,PHIL108
S1511,PHIL301
S1512,ECON203
S1512,ECON204
S1512,ECON305
S1512,ECON401
S1512,ECON403
S1512,PSYC307
S1512,STAT101
S1513,MATH207
S1513,MATH305
S1513,MATH402
S1513,MATH405
S1513,MATH408
S1514,COMP303
S1514,ECON205
S1514,MATH305
S1514,MATH307
S1514,MATH401
S1514,MATH406
S1514,PSYC204
S1515,PSYC106
S1515,PSYC202
S1515,PSYC205
S1515,PSYC301
S1515,PSYC302
S1515,PSYC306
S1516,COMP101
S1516,MATH403
S1516,PSYC102
S1516,PSYC201
S1516,STAT108
S1517,COMP108
S1517,COMP206
S1517,PSYC101
S1517,PSYC206
S1517,STAT108
S1518,PHIL105
S1518,PSYC102
S1518,STAT204
S1518,STAT208
S1518,STAT306
S1518,STAT406
S1518,STAT408
S1519,COMP108
S1519,PHIL401
S1519,PHIL407
S1519,PHIL501
S1519,PHIL505
S1519,PHIL507
S1519,STAT103
S1520,STAT102
S1520,STAT105
S1520,STAT203
S1520,STAT204
S1520,STAT206
S1521,ECON301
S1521,MATH101
S1521,MATH203
S1521,MATH205
S1521,PHIL305
S1521,STAT208
S1522,PSYC105
S1522,PSYC106
S1522,PSYC206
S1522,PSYC207
S1523,STAT203
S1523,STAT304
S1523,STAT305
S1523,STAT404
S1523,STAT405
S1523,STAT408
S1524,COMP101
S1524,COMP103
S1524,COMP108
S1524,COMP201
S1524,COMP301
S1524,PHIL107
S1524,PSYC203
S1525,COMP302
S1525,MATH203
S1525,PSYC103
S1525,PSYC207
S1525,PSYC208
S1525,PSYC304
S1525,PSYC307
S1526,ECON105
S1526,MATH101
S1526,MATH102
S1526,MATH108
S1526,MATH206
S1526,STAT306
S1527,COMP102
S1527,COMP103
S1527,COMP109
S1527,COMP204
S1527,COMP207
S1527,COMP304
S1527,COMP307
S1528,MATH108
S1528,MATH109
S1528,PHIL103
S1528,PHIL107
S1528,STAT302
S1529,COMP301
S1529,ECON407
S1529,MATH206
S1529,PHIL102
S1529,PHIL204
S1529,PHIL208
S1530,COMP202
S1530,COMP209
S1530,COMP303
S1530,COMP307
S1530,PHIL106
S1531,ECON101
S1531,ECON103
S1531,ECON204
S1531,ECON206
S1531,PHIL101
S1531,PSYC101
S1532,MATH101
S1532,MATH105
S1532,MATH109
S1532,MATH206
S1532,MATH208
S1532,MATH303
S1533,COMP101
S1533,COMP107
S1533,COMP205
S1533,COMP208
S1533,COMP301
S1533,COMP304
S1533,COMP308
S1534,ECON203
S1534,ECON302
S1534,ECON303
S1534,ECON307
S1534,PHIL302
S1535,COMP209
S1535,MATH101
S1535,MATH201
S1535,MATH209
S1535,PHIL201
S1536,COMP201
S1536,PHIL207
S1536,PHIL301
S1536,PHIL308
S1536,PHIL402
S1536,PHIL406
S1536,PHIL408
S1537,ECON304
S1537,ECON306
S1537,ECON402
S1537,ECON502
S1537,ECON506
S1537,PHIL301
S1537,PSYC208
S1538,COMP102
S1538,COMP202
S1538,COMP205
S1538,COMP207
S1538,COMP303
S1539,STAT102
S1539,STAT202
S1539,STAT203
S1539,STAT208
S1540,COMP304
S1540,MATH203
S1540,MATH401
S1540,MATH405
S1540,MATH406
S1540,PHIL208
S1541,ECON406
S1541,PHIL208
S1541,STAT305
S1541,STAT306
S1541,STAT401
S1541,STAT404
S1541,STAT405
S1542,COMP107
S1542,ECON104
S1542,ECON105
S1542,ECON206
S1542,PHIL101
S1543,PSYC301
S1543,PSYC302
S1543,PSYC308
S1543,PSYC407
S1543,PSYC502
S1543,STAT105
S1543,STAT208
S1544,STAT101
S1544,STAT105
S1544,STAT204
S1544,STAT205
S1544,STAT303
S1545,COMP304
S1545,COMP305
S1545,COMP306
S1545,COMP405
S1545,COMP406
S1545,COMP408
S1545,COMP507
S1546,STAT107
S1546,STAT202
S1547,MATH106
S1547,MATH107
S1547,MATH207
S1548,COMP201
S1548,MATH307
S1548,MATH405
S1548,MATH505
S1548,MATH506
S1548,PHIL103
S1548,PSYC102
S1549,MATH407
S1549,MATH508
S1549,MATH509
S1550,COMP104
S1550,ECON307
S1550,STAT102
S1550,STAT204
S1550,STAT306
S1550,STAT307
S1551,ECON208
S1551,PHIL202
S1551,PHIL303
S1551,PHIL402
S1551,PHIL406
S1551,PSYC108
S1552,COMP107
S1552,PSYC101
S1552,STAT403
S1552,STAT501
S1553,COMP104
S1553,COMP205
S1553,COMP208
S1553,ECON106
S1553,STAT303
S1554,ECON201
S1554,ECON207
S1554,ECON301
S1554,ECON401
S1554,ECON404
S1554,ECON408
S1555,COMP103
S1555,PSYC204
S1555,STAT302
S1555,STAT402
S1555,STAT502
S1555,STAT507
S1556,ECON502
S1556,PHIL303
S1556,PSYC201
S1556,PSYC308
S1556,PSYC401
S1556,PSYC403
S1557,COMP102
S1557,COMP109
S1557,COMP202
S1557,COMP204
S1557,MATH206
S1557,PHIL101
S1558,MATH103
S1558,MATH208
S1558,PHIL204
S1558,PSYC105
S1558,STAT106
S1559,ECON101
S1559,ECON102
S1559,ECON104
S1559,ECON204
S1559,PHIL101
S1559,PHIL104
S1559,PHIL207
S1560,ECON204
S1560,ECON205
S1560,ECON302
S1560,ECON404
S1561,ECON104
S1561,ECON106
S1561,ECON108
S1561,ECON207
S1561,ECON208
S1562,COMP105
S1562,ECON204
S1562,ECON306
S1562,PSYC304
S1562,PSYC307
S1562,PSYC404
S1562,PSYC408
S1563,STAT101
S1563,STAT106
S1563,STAT201
S1563,STAT203
S1563,STAT206
S1564,PHIL107
S1564,STAT107
S1564,STAT201
S1564,STAT202
S1564,STAT206
S1564,STAT301
S1564,STAT305
S1565,PHIL405
S1565,PHIL406
S1565,PHIL501
S1566,MATH106
S1566,PHIL108
S1566,PHIL306
S1566,PHIL308
S1566,PSYC302
S1566,STAT108
S1567,COMP107
S1567,PHIL208
S1567,STAT307
S1567,STAT308
S1567,STAT405
S1567,STAT502
S1568,STAT101
S1568,STAT103
S1568,STAT106
S1568,STAT204
S1569,MATH108
S1569,MATH208
S1569,STAT107
S1569,STAT204
S1569,STAT207
S1570,PHIL301
S1570,PHIL302
S1570,PHIL402
S1570,PHIL404
S1570,PHIL505
S1570,PSYC206
S1571,COMP208
S1571,COMP302
S1571,COMP305
S1571,COMP404
S1571,COMP407
S1572,ECON207
S1572,MATH102
S1572,MATH103
S1572,MATH208
S1572,PSYC102
S1572,STAT108
S1573,PHIL108
S1573,STAT301
S1573,STAT308
S1573,STAT404
S1573,STAT407
S1573,STAT502
S1573,STAT506
S1574,ECON101
S1574,ECON105
S1574,PSYC105
S1574,PSYC202
S1574,PSYC205
S1575,PHIL101
S1575,PHIL202
S1575,PHIL204
S1575,PHIL205
S1576,COMP203
S1576,ECON107
S1576,MATH207
S1576,STAT102
S1576,STAT105
S1576,STAT201
S1576,STAT204
S1577,STAT102
S1577,STAT103
S1577,STAT207
S1578,PHIL102
S1578,PHIL104
S1578,PHIL106
S1578,PHIL203
S1578,PHIL206
S1578,PHIL208
S1579,ECON205
S1579,MATH102
S1579,STAT103
S1579,STAT202
S1579,STAT306
S1580,MATH309
S1580,PSYC306
S1580,STAT202
S1580,STAT305
S1580,STAT402
S1581,COMP209
S1581,PSYC102
S1581,PSYC105
S1581,PSYC203
S1581,PSYC204
S1582,COMP209
S1582,ECON106
S1582,ECON107
S1582,ECON202
S1582,ECON208
S1582,ECON302
S1582,MATH204
S1583,STAT103
S1583,STAT105
S1583,STAT201
S1583,STAT205
S1583,STAT206
S1584,PSYC201
S1584,PSYC203
S1584,PSYC208
S1584,PSYC302
S1584,STAT308
S1585,COMP103
S1585,COMP104
S1585,COMP204
S1585,COMP209
S1585,ECON207
S1585,PHIL102
S1585,PSYC106
S1586,MATH309
S1586,PHIL106
S1586,PHIL203
S1586,PHIL205
S1586,PSYC106
S1587,COMP401
S1587,COMP403
S1587,COMP505
S1587,ECON502
S1587,MATH203
S1587,PHIL303
S1588,ECON106
S1588,PHIL202
S1588,PSYC104
S1588,PSYC201
S1588,PSYC205
S1589,ECON408
S1589,STAT104
S1589,STAT107
S1589,STAT204
S1589,STAT207
S1589,STAT208
S1590,COMP103
S1590,PSYC101
S1590,PSYC201
S1590,PSYC202
S1590,PSYC305
S1590,STAT305
S1591,ECON106
S1591,ECON204
S1591,ECON301
S1591,PHIL101
S1591,PSYC201
S1591,STAT108
S1592,STAT102
S1592,STAT108
S1592,STAT201
S1592,STAT205
S1592,STAT208
S1593,PHIL103
S1593,PHIL107
S1593,PHIL108
S1593,PHIL202
S1593,PHIL205
S1594,PHIL202
S1594,PHIL307
S1594,PHIL308
S1594,PHIL408
S1594,PSYC104
S1594,PSYC502
S1594,STAT306
S1595,PHIL302
S1595,PHIL405
S1595,PHIL502
S1595,PHIL503
S1595,PSYC108
S1596,PHIL102
S1596,PHIL106
S1596,PHIL202
S1596,PSYC103
S1596,PSYC306
S1597,COMP308
S1597,COMP404
S1597,COMP405
S1597,COMP507
S1597,ECON105
S1597,PSYC105
S1597,STAT105
S1598,COMP104
S1598,COMP202
S1598,MATH105
S1598,MATH107
S1598,MATH109
S1598,MATH206
S1598,MATH307
S1599,ECON201
S1599,MATH103
S1599,PHIL104
S1599,PHIL108
S1599,PHIL304
S1599,PHIL305
S1600,COMP103
S1600,PHIL101
S1600,PHIL107
S1600,PHIL202
S1600,PHIL206
S1600,PHIL208
S1601,COMP107
S1601,PHIL204
S1601,STAT108
S1601,STAT203
S1601,STAT306
S1602,MATH302
S1602,MATH303
S1602,MATH306
S1602,MATH401
S1602,MATH402
S1602,MATH403
S1603,MATH107
S1603,MATH109
S1603,MATH201
S1603,MATH206
S1603,PHIL105
S1604,COMP404
S1604,COMP406
S1604,COMP502
S1604,COMP506
S1604,ECON102
S1604,ECON208
S1604,MATH206
S1605,MATH101
S1605,MATH103
S1605,MATH104
S1605,MATH202
S1605,MATH209
S1606,COMP208
S1606,ECON201
S1606,PHIL102
S1606,PHIL106
S1606,PHIL204
S1606,PHIL206
S1606,PSYC408
S1607,ECON402
S1607,ECON405
S1607,ECON504
S1607,PSYC108
S1607,PSYC205
S1608,MATH209
S1608,PHIL302
S1608,PHIL403
S1608,PHIL406
S1608,PHIL501
S1608,PHIL506
S1608,PHIL508
S1609,ECON103
S1609,PHIL108
S1609,PSYC103
S1609,PSYC104
S1609,PSYC202
S1610,COMP207
S1610,COMP301
S1610,COMP303
S1610,COMP305
S1610,COMP404
S1611,COMP101
S1611,COMP107
S1611,PHIL302
S1611,STAT101
S1611,STAT102
S1611,STAT204
S1611,STAT207
S1612,ECON101
S1612,ECON206
S1612,ECON301
S1612,ECON305
S1612,ECON307
S1613,COMP306
S1613,MATH106
S1613,MATH207
S1613,MATH308
S1613,STAT106
S1614,COMP205
S1614,ECON205
S1614,PHIL101
S1614,PHIL202
S1614,PHIL208
S1615,COMP106
S1615,PHIL305
S1615,PHIL402
S1615,PHIL408
S1615,PHIL504
S1615,PSYC207
S1616,COMP102
S1616,COMP105
S1616,COMP109
S1616,COMP201
S1616,COMP307
S1617,COMP204
S1617,COMP209
S1617,COMP305
S1617,PSYC306
S1617,STAT106
S1618,COMP102
S1618,COMP105
S1618,COMP201
S1618,COMP206
S1618,STAT106
S1619,PSYC307
S1619,PSYC401
S1619,PSYC408
S1619,PSYC502
S1619,PSYC503
S1619,PSYC506
S1619,STAT104
S1620,COMP305
S1620,ECON101
S1620,ECON105
S1620,STAT106
S1620,STAT201
S1620,STAT206
S1621,PHIL201
S1621,PHIL204
S1621,PHIL305
S1621,PHIL405
S1621,PHIL406
S1621,STAT101
S1621,STAT205
S1622,COMP106
S1622,ECON201
S1622,ECON305
S1622,ECON402
S1622,MATH203
S1623,COMP102
S1623,COMP206
S1623,PHIL105
S1623,PHIL106
S1623,PHIL201
S1624,PHIL201
S1624,PHIL206
S1624,PHIL208
S1624,PHIL303
S1624,PHIL305
S1624,PHIL407
S1624,STAT206
S1625,ECON103
S1625,ECON201
S1625,PHIL106
S1625,STAT102
S1625,STAT107
S1626,STAT304
S1626,STAT308
S1626,STAT402
S1626,STAT406
S1626,STAT501
S1626,STAT502
S1626,STAT503
S1627,MATH106
S1627,PSYC208
S1627,PSYC302
S1627,PSYC406
S1627,PSYC407
S1627,PSYC408
S1627,STAT105
S1628,STAT102
S1628,STAT103
S1628,STAT202
S1628,STAT206
S1628,STAT305
S1628,STAT308
S1629,ECON207
S1629,ECON308
S1629,ECON403
S1629,ECON405
S1629,ECON408
S1630,ECON108
S1630,MATH104
S1630,MATH106
S1630,MATH204
S1630,MATH206
S1630,MATH209
S1631,COMP205
S1631,ECON306
S1631,ECON402
S1631,ECON404
S1631,PSYC304
S1632,PSYC203
S1632,PSYC303
S1632,PSYC305
S1632,PSYC404
S1632,PSYC406
S1633,MATH205
S1633,MATH206
S1633,MATH207
S1633,MATH307
S1633,PHIL202
S1633,PHIL407
S1633,STAT202
S1634,COMP103
S1634,COMP106
S1634,COMP202
S1634,COMP206
S1634,COMP209
S1634,STAT204
S1635,COMP106
S1635,ECON101
S1635,ECON102
S1635,ECON104
S1635,ECON204
S1635,PHIL201
S1635,STAT204
S1636,ECON301
S1636,ECON507
S1636,PSYC106
S1636,STAT107
S1636,STAT206
S1637,COMP205
S1637,COMP303
S1637,COMP306
S1637,COMP402
S1637,COMP405
S1637,MATH305
S1637,STAT102
S1638,PHIL106
S1638,PHIL202
S1638,PHIL206
S1639,PHIL202
S1639,PHIL205
S1639,PHIL302
S1639,PHIL404
S1639,PSYC301
S1639,STAT105
S1640,COMP104
S1640,MATH103
S1640,MATH106
S1640,MATH201
S1640,MATH202
S1640,PHIL103
S1640,STAT101
S1641,ECON103
S1641,ECON201
S1641,ECON303
S1641,ECON305
S1641,ECON308
S1641,MATH101
S1641,PSYC404
S1642,MATH109
S1642,PHIL301
S1642,PHIL303
S1642,PHIL406
S1642,PHIL408
S1642,PHIL508
S1643,STAT105
S1643,STAT107
S1643,STAT202
S1643,STAT206
S1643,STAT208
S1644,COMP102
S1644,COMP107
S1644,COMP203
S1644,COMP205
S1644,COMP206
S1644,ECON203
S1644,ECON303
S1645,ECON304
S1645,ECON403
S1645,ECON406
S1645,ECON407
S1645,ECON505
S1645,PHIL201
S1646,MATH303
S1646,PHIL104
S1646,PSYC101
S1646,PSYC108
S1646,PSYC204
S1647,COMP306
S1647,MATH107
S1647,MATH209
S1647,MATH301
S1647,MATH304
S1647,PHIL107
S1648,PHIL105
S1648,STAT306
S1648,STAT308
S1648,STAT404
S1648,STAT405
S1648,STAT506
S1648,STAT507
S1649,COMP303
S1649,COMP406
S1649,COMP509
S1649,MATH109
S1649,MATH209
S1649,PHIL103
S1650,ECON404
S1650,MATH101
S1650,STAT505
S1650,STAT507
S1650,STAT508
S1651,ECON202
S1651,MATH105
S1651,STAT208
S1651,STAT304
S1651,STAT306
S1651,STAT308
S1651,STAT407
S1652,MATH204
S1652,PHIL107
S1652,PSYC306
S1652,PSYC401
S1652,PSYC505
S1652,PSYC507
S1653,MATH106
S1653,MATH109
S1653,MATH206
S1653,MATH301
S1653,PHIL101
S1653,PSYC108
S1654,ECON101
S1654,MATH205
S1654,PHIL304
S1654,STAT305
S1654,STAT308
S1654,STAT404
S1654,STAT508
S1655,PHIL104
S1655,PSYC102
S1655,PSYC108
S1655,PSYC201
S1655,PSYC202
S1655,PSYC205
S1656,COMP201
S1656,ECON307
S1656,MATH101
S1656,MATH102
S1656,MATH205
S1656,MATH207
S1656,MATH208
S1657,ECON201
S1657,PSYC108
S1657,STAT204
S1657,STAT305
S1657,STAT406
S1658,COMP105
S1658,COMP206
S1658,MATH306
S1658,PHIL104
S1658,PHIL107
S1659,MATH103
S1659,PHIL201
S1659,PSYC201
S1659,PSYC302
S1659,PSYC303
S1659,PSYC306
S1659,PSYC403
S1660,COMP302
S1660,PHIL103
S1660,PHIL108
S1660,PSYC107
S1660,PSYC204
S1661,COMP108
S1661,COMP208
S1661,ECON102
S1661,ECON205
S1661,PSYC302
S1662,ECON102
S1662,ECON203
S1662,ECON206
S1662,ECON207
S1662,PHIL106
S1662,PSYC206
S1662,PSYC308
S1663,STAT105
S1663,STAT107
S1663,STAT108
S1663,STAT201
S1663,STAT208
S1664,ECON306
S1664,MATH102
S1664,MATH107
S1664,MATH203
S1664,PHIL101
S1664,STAT104
S1665,COMP304
S1665,PHIL501
S1665,PSYC204
S1665,PSYC206
S1665,PSYC207
S1666,ECON403
S1666,MATH306
S1666,PSYC102
S1666,STAT303
S1666,STAT402
S1666,STAT404
S1666,STAT505
S1667,COMP109
S1667,MATH107
S1667,PHIL106
S1667,PHIL107
S1667,PHIL208
S1668,MATH105
S1668,PSYC206
S1668,PSYC301
S1668,PSYC308
S1668,PSYC403
S1668,PSYC407
S1668,STAT208
S1669,ECON103
S1669,ECON106
S1669,ECON206
S1669,ECON208
S1669,PHIL208
S1669,PHIL307
S1670,COMP108
S1670,PHIL101
S1670,PHIL102
S1670,PHIL105
S1670,PHIL207
S1671,ECON204
S1671,ECON302
S1671,PSYC103
S1671,PSYC203
S1671,PSYC304
S1671,PSYC307
S1672,PSYC103
S1672,PSYC106
S1672,PSYC202
S1672,PSYC206
S1672,PSYC208
S1672,PSYC301
S1673,ECON201
S1673,PSYC107
S1673,PSYC207
S1673,PSYC307
S1673,STAT105
S1674,COMP103
S1674,ECON306
S1674,MATH201
S1674,MATH302
S1674,MATH308
S1674,MATH401
S1674,PHIL102
S1675,ECON208
S1675,MATH107
S1675,STAT201
S1675,STAT203
S1675,STAT304
S1675,STAT305
S1675,STAT402
S1676,COMP103
S1676,PSYC101
S1676,PSYC105
S1676,PSYC205
S1676,PSYC206
S1676,STAT106
S1677,COMP301
S1677,MATH105
S1677,MATH305
S1677,STAT208
S1677,STAT303
S1677,STAT403
S1677,STAT407
S1678,MATH301
S1678,MATH406
S1678,MATH407
S1678,MATH507
S1678,PSYC101
S1678,STAT301
S1679,MATH101
S1679,MATH105
S1679,MATH208
S1679,MATH301
S1679,MATH302
S1679,MATH307
S1680,PHIL101
S1680,PHIL201
S1680,PHIL204
S1680,PHIL207
S1680,STAT205
S1681,ECON408
S1681,PSYC301
S1681,PSYC308
S1681,PSYC402
S1681,PSYC502
S1681,STAT205
S1681,STAT307
S1682,COMP105
S1682,MATH302
S1682,MATH303
S1682,MATH405
S1682,MATH406
S1682,MATH407
S1682,PHIL107
S1683,PHIL205
S1683,PHIL302
S1683,PHIL305
S1683,PHIL403
S1683,PHIL406
S1684,ECON202
S1684,ECON208
S1684,MATH404
S1684,MATH409
S1684,MATH503
S1684,MATH507
S1684,PSYC404
S1685,ECON208
S1685,PHIL103
S1685,PHIL202
S1685,PHIL205
S1685,PHIL208
S1685,PSYC205
S1686,STAT102
S1686,STAT202
S1687,MATH301
S1687,MATH306
S1687,MATH403
S1687,MATH503
S1687,MATH505
S1687,MATH508
S1688,MATH103
S1688,MATH106
S1688,MATH107
S1688,MATH203
S1688,MATH205
S1689,ECON304
S1689,PSYC105
S1689,PSYC106
S1689,PSYC207
S1689,PSYC208
S1689,STAT206
S1690,MATH105
S1690,MATH109
S1690,MATH203
S1690,MATH204
S1690,MATH209
S1691,PHIL301
S1691,PHIL303
S1691,PHIL304
S1691,PHIL401
S1691,PHIL402
S1691,PHIL408
S1692,MATH209
S1692,PHIL205
S1692,PSYC202
S1692,PSYC207
S1692,PSYC301
S1692,PSYC302
S1693,PSYC201
S1693,PSYC303
S1693,PSYC404
S1693,PSYC405
S1693,STAT208
S1694,COMP103
S1694,MATH106
S1694,PHIL407
S1694,PHIL504
S1694,STAT202
S1695,COMP101
S1695,COMP204
S1695,COMP207
S1695,PSYC104
S1695,STAT201
S1696,COMP205
S1696,COMP307
S1696,COMP404
S1696,MATH101
S1696,PSYC103
S1697,ECON308
S1697,ECON401
S1697,ECON407
S1697,ECON408
S1697,ECON501
S1697,ECON502
S1697,ECON507
S1698,PHIL102
S1698,PHIL207
S1699,COMP107
S1699,COMP108
S1699,ECON101
S1699,ECON201
S1699,ECON202
S1700,COMP302
S1700,COMP303
S1700,COMP308
S1700,COMP409
S1700,COMP506
S1700,ECON102
S1700,PSYC206
S1701,COMP201
S1701,MATH204
S1701,PSYC303
S1701,PSYC304
S1701,PSYC402
S1701,PSYC503
S1702,ECON103
S1702,ECON104
S1702,ECON203
S1702,ECON204
S1702,PHIL102
S1702,PSYC104
S1702,STAT204
S1703,COMP205
S1703,MATH103
S1703,MATH109
S1703,MATH202
S1703,PSYC101
S1704,COMP202
S1704,COMP209
S1704,COMP302
S1704,COMP409
S1704,MATH208
S1704,PSYC105
S1705,MATH106
S1705,MATH206
S1705,MATH207
S1705,MATH209
S1705,STAT406
S1706,PHIL204
S1706,PSYC108
S1706,PSYC204
S1706,PSYC205
S1706,PSYC206
S1706,PSYC301
S1706,STAT301
S1707,COMP201
S1707,COMP203
S1707,COMP304
S1707,COMP403
S1707,STAT306
S1708,PSYC202
S1708,PSYC305
S1708,PSYC403
S1708,PSYC408
S1709,COMP201
S1709,COMP208
S1709,COMP301
S1709,COMP404
S1709,COMP409
S1710,COMP107
S1710,ECON305
S1710,ECON503
S1710,ECON505
S1710,MATH101
S1710,PHIL103
S1711,PSYC301
S1711,PSYC304
S1711,PSYC308
S1711,PSYC401
S1711,PSYC403
S1711,PSYC408
S1712,ECON302
S1712,ECON304
S1712,ECON406
S1712,ECON407
S1712,ECON408
S1712,ECON505
S1712,ECON507
S1713,COMP108
S1713,COMP303
S1713,COMP306
S1713,MATH102
S1713,STAT106
S1714,ECON202
S1714,MATH101
S1714,PHIL104
S1714,PHIL105
S1714,PHIL204
S1715,ECON106
S1715,MATH201
S1715,MATH209
S1715,MATH305
S1715,PHIL103
S1716,MATH401
S1716,MATH402
S1716,MATH406
S1716,MATH505
S1716,PSYC106
S1716,STAT206
S1717,MATH409
S1717,PHIL103
S1717,PHIL107
S1717,PHIL208
S1717,STAT105
S1718,PHIL107
S1718,PHIL201
S1718,PHIL205
S1718,PHIL303
S1718,PSYC307
S1719,COMP103
S1719,ECON304
S1719,PHIL204
S1719,PHIL308
S1719,PHIL408
S1720,MATH305
S1720,MATH309
S1720,MATH401
S1720,MATH403
S1720,MATH406
S1720,PSYC408
S1720,STAT105
S1721,PHIL103
S1721,PSYC201
S1721,PSYC203
S1721,PSYC206
S1721,STAT104
S1722,ECON101
S1722,MATH401
S1722,STAT404
S1722,STAT406
S1722,STAT508
S1723,PSYC105
S1723,PSYC201
S1723,STAT105
S1724,MATH308
S1724,PHIL307
S1724,PHIL405
S1724,PHIL502
S1724,PHIL505
S1724,STAT306
S1725,COMP106
S1725,COMP107
S1725,COMP208
S1725,MATH305
S1725,PHIL204
S1726,ECON302
S1726,ECON305
S1726,ECON306
S1726,ECON403
S1726,ECON406
S1727,PSYC208
S1727,PSYC301
S1727,PSYC305
S1727,PSYC401
S1727,PSYC404
S1727,PSYC408
S1728,MATH204
S1728,MATH205
S1728,MATH207
S1728,MATH306
S1728,MATH406
S1728,PHIL201
S1728,PSYC301
S1729,PSYC404
S1729,PSYC408
S1729,PSYC501
S1729,PSYC505
S1729,PSYC506
S1730,ECON406
S1730,ECON504
S1730,ECON506
S1730,ECON507
S1730,MATH104
S1730,MATH107
S1731,ECON105
S1731,ECON208
S1732,MATH108
S1732,MATH203
S1732,MATH209
S1732,PHIL303
S1732,PSYC106
S1733,COMP106
S1733,COMP109
S1733,COMP201
S1733,COMP207
S1733,COMP306
S1733,COMP307
S1733,MATH101
S1734,ECON102
S1734,PHIL203
S1734,PHIL206
S1734,PHIL302
S1734,PHIL303
S1734,STAT101
S1735,COMP101
S1735,COMP106
S1735,COMP109
S1735,COMP204
S1735,ECON108
S1735,PSYC202
S1736,ECON406
S1736,ECON504
S1736,ECON506
S1736,MATH205
S1736,PHIL307
S1737,COMP107
S1737,ECON303
S1737,ECON405
S1737,ECON408
S1737,PHIL206
S1738,MATH205
S1738,PHIL106
S1738,PSYC108
S1738,PSYC202
S1738,PSYC203
S1738,PSYC206
S1739,ECON103
S1739,ECON104
S1739,ECON108
S1739,ECON201
S1739,ECON301
S1740,MATH303
S1740,PHIL101
S1740,STAT108
S1740,STAT208
S1740,STAT301
S1740,STAT304
S1740,STAT305
S1741,MATH404
S1741,PHIL105
S1741,STAT404
S1741,STAT406
S1741,STAT504
S1741,STAT507
S1741,STAT508
S1742,COMP108
S1742,PHIL307
S1742,STAT108
S1742,STAT201
S1742,STAT202
S1742,STAT302
S1742,STAT306
S1743,COMP102
S1743,PHIL105
S1743,PSYC203
S1743,PSYC302
S1743,PSYC303
S1743,PSYC401
S1744,ECON303
S1744,PHIL108
S1744,PSYC402
S1744,PSYC407
S1744,PSYC408
S1744,PSYC501
S1744,PSYC506
S1745,COMP101
S1745,COMP109
S1745,COMP206
S1745,MATH103
S1745,PHIL104
S1745,PHIL305
S1746,COMP505
S1746,MATH201
S1746,MATH304
S1746,MATH401
S1746,MATH408
S1746,PSYC101
S1746,STAT107
S1747,COMP204
S1747,COMP206
S1747,COMP208
S1747,COMP303
S1747,COMP308
S1747,MATH104
S1748,MATH103
S1748,MATH108
S1748,MATH204
S1748,MATH206
S1748,MATH208
S1749,COMP202
S1749,MATH102
S1749,MATH103
S1749,MATH106
S1749,MATH209
S1749,MATH307
S1749,PSYC103
S1750,COMP104
S1750,COMP109
S1750,COMP203
S1750,MATH102
S1750,PHIL108
S1751,COMP103
S1751,COMP104
S1751,COMP203
S1751,COMP206
S1751,MATH203
S1751,STAT202
S1752,ECON102
S1752,ECON108
S1752,ECON201
S1752,MATH207
S1752,PHIL101
S1752,PSYC108
S1753,COMP102
S1753,COMP107
S1753,COMP201
S1753,COMP203
S1753,ECON303
S1753,MATH208
S1754,PHIL201
S1754,PHIL207
S1754,PHIL304
S1754,PHIL308
S1754,PHIL401
S1754,PHIL405
S1754,PHIL406
S1755,PHIL203
S1755,STAT201
S1755,STAT302
S1755,STAT305
S1755,STAT405
S1755,STAT407
S1756,COMP102
S1756,COMP105
S1756,COMP108
S1756,PHIL102
S1756,PSYC106
S1757,PHIL201
S1757,PHIL202
S1757,PHIL301
S1757,STAT103
S1757,STAT203
S1757,STAT206
S1758,COMP108
S1758,COMP303
S1758,ECON304
S1758,ECON306
S1758,ECON406
S1758,ECON407
S1758,PHIL108
S1759,COMP101
S1759,COMP107
S1759,COMP206
S1759,COMP209
S1759,STAT308
S1760,MATH102
S1760,MATH105
S1760,MATH201
S1760,MATH207
S1760,MATH209
S1760,MATH301
S1760,MATH303
S1761,MATH108
S1761,PHIL203
S1761,PHIL303
S1761,PHIL305
S1761,PHIL401
S1761,PHIL404
S1761,STAT107
S1762,COMP103
S1762,COMP105
S1762,COMP106
S1762,COMP202
S1762,COMP203
S1762,COMP207
S1762,PHIL106
S1763,ECON301
S1763,ECON404
S1763,ECON408
S1763,MATH205
S1763,PHIL103
S1764,PSYC101
S1764,PSYC102
S1764,PSYC108
S1764,PSYC207
S1765,PHIL105
S1765,PSYC105
S1765,PSYC108
S1765,PSYC204
S1765,PSYC206
S1766,PHIL102
S1766,PHIL105
S1766,PHIL201
S1766,PHIL203
S1766,PHIL204
S1767,MATH108
S1767,PHIL106
S1767,PHIL204
S1767,PHIL206
S1767,PHIL207
S1767,PSYC402
S1768,PHIL304
S1768,PHIL307
S1768,PHIL401
S1768,PHIL407
S1768,PHIL502
S1768,PSYC102
S1768,PSYC103
S1769,PHIL207
S1769,PSYC106
S1769,PSYC107
S1769,PSYC302
S1769,PSYC307
S1769,PSYC308
S1769,STAT107
S1770,PSYC106
S1770,PSYC201
S1770,PSYC304
S1770,PSYC305
S1770,PSYC308
S1770,STAT102
S1771,COMP209
S1771,ECON106
S1771,ECON202
S1771,ECON205
S1771,ECON206
S1771,STAT107
S1771,STAT207
S1772,PSYC201
S1772,PSYC205
S1772,PSYC303
S1772,PSYC401
S1772,PSYC402
S1772,PSYC405
S1773,COMP101
S1773,COMP106
S1773,COMP109
S1773,COMP202
S1773,COMP205
S1773,ECON106
S1774,PHIL305
S1774,PSYC103
S1774,PSYC203
S1774,PSYC308
S1774,STAT101
S1774,STAT102
S1775,COMP401
S1775,ECON104
S1775,PHIL107
S1775,PHIL205
S1775,PHIL302
S1775,PHIL308
S1776,ECON108
S1776,MATH102
S1776,PSYC306
S1776,PSYC408
S1776,STAT108
S1777,COMP103
S1777,MATH106
S1777,PSYC106
S1777,PSYC202
S1777,PSYC207
S1778,COMP308
S1778,PHIL107
S1778,PSYC303
S1778,PSYC304
S1778,PSYC306
S1778,STAT206
S1779,ECON104
S1779,PSYC201
S1779,PSYC202
S1779,PSYC205
S1779,PSYC301
S1779,PSYC304
S1779,PSYC306
S1780,PSYC202
S1780,PSYC308
S1780,PSYC401
S1780,PSYC406
S1780,PSYC408
S1780,STAT104
S1781,STAT104
S1781,STAT105
S1781,STAT106
S1781,STAT201
S1781,STAT203
S1781,STAT205
S1782,COMP201
S1782,COMP306
S1782,COMP309
S1782,ECON104
S1782,ECON302
S1783,COMP205
S1783,MATH108
S1783,MATH109
S1783,MATH306
S1783,MATH307
S1784,COMP105
S1784,ECON104
S1784,ECON106
S1784,ECON203
S1784,ECON208
S1784,ECON303
S1784,MATH108
S1785,COMP109
S1785,ECON105
S1785,STAT202
S1785,STAT207
S1785,STAT304
S1786,ECON203
S1786,ECON205
S1786,ECON302
S1786,ECON308
S1786,MATH101
S1786,PSYC102
S1786,STAT105
S1787,COMP107
S1787,COMP109
S1787,PHIL101
S1787,PHIL104
S1787,PHIL205
S1787,PHIL307
S1787,STAT101
S1788,COMP306
S1788,PHIL205
S1788,STAT103
S1788,STAT107
S1788,STAT203
S1789,COMP405
S1789,ECON108
S1789,ECON201
S1789,ECON202
S1789,ECON208
S1790,PSYC102
S1790,PSYC108
S1790,PSYC202
S1790,PSYC207
S1790,STAT107
S1791,COMP102
S1791,COMP109
S1791,COMP303
S1791,COMP307
S1791,COMP308
S1791,MATH107
S1792,PSYC101
S1792,STAT104
S1792,STAT107
S1792,STAT202
S1792,STAT204
S1793,PSYC102
S1793,PSYC203
S1793,PSYC204
S1793,PSYC207
S1793,PSYC301
S1793,PSYC302
S1793,PSYC308
S1794,ECON102
S1794,ECON304
S1794,PHIL104
S1794,PHIL206
S1794,PHIL208
S1794,PSYC107
S1795,ECON103
S1795,ECON507
S1795,MATH304
S1795,MATH408
S1795,MATH508
S1795,MATH509
S1795,PSYC504
S1796,MATH108
S1796,PHIL108
S1796,PSYC102
S1796,PSYC104
S1796,PSYC105
S1796,PSYC204
S1797,ECON107
S1797,ECON108
S1797,ECON207
S1797,PHIL107
S1797,STAT106
S1798,COMP206
S1798,COMP209
S1798,COMP309
S1798,MATH107
S1798,PSYC105
S1799,ECON101
S1799,ECON104
S1799,ECON106
S1799,ECON202
S1799,ECON205
S1800,ECON105
S1800,PSYC108
S1800,STAT101
S1800,STAT105
S1800,STAT206
S1800,STAT208
S1801,COMP408
S1801,COMP409
S1801,COMP501
S1801,COMP502
S1801,PHIL205
S1802,MATH108
S1802,PHIL203
S1802,PSYC203
S1802,PSYC205
S1802,PSYC207
S1802,PSYC303
S1802,PSYC406
S1803,ECON307
S1803,ECON401
S1803,ECON506
S1803,ECON507
S1803,MATH103
S1803,PSYC103
S1803,STAT306
S1804,MATH108
S1804,MATH307
S1804,PHIL105
S1804,PSYC106
S1804,PSYC203
S1805,COMP106
S1805,MATH301
S1805,MATH302
S1805,MATH403
S1805,STAT208
S1806,COMP104
S1806,COMP204
S1806,COMP208
S1806,COMP301
S1806,COMP308
S1806,PHIL108
S1806,PSYC204
S1807,COMP103
S1807,PSYC104
S1807,PSYC207
S1807,PSYC305
S1807,PSYC307
S1808,COMP306
S1808,MATH401
S1808,PSYC103
S1808,PSYC106
S1808,PSYC201
S1808,PSYC204
S1808,PSYC205
S1809,MATH104
S1809,MATH108
S1809,MATH208
S1809,PHIL202
S1809,PHIL305
S1809,PHIL403
S1810,MATH202
S1810,MATH308
S1810,MATH407
S1810,PSYC106
S1810,STAT308
S1811,MATH202
S1811,STAT307
S1811,STAT401
S1811,STAT405
S1811,STAT408
S1811,STAT504
S1811,STAT506
S1812,COMP102
S1812,COMP201
S1812,COMP204
S1812,COMP209
S1812,COMP307
S1812,PHIL202
S1812,PSYC106
S1813,ECON105
S1813,ECON106
S1813,ECON108
S1813,ECON202
S1813,PSYC406
S1814,COMP306
S1814,PHIL308
S1814,PHIL405
S1814,PHIL406
S1814,PHIL407
S1815,ECON106
S1815,ECON108
S1815,ECON207
S1815,ECON301
S1815,ECON303
S1815,ECON308
S1816,STAT401
S1816,STAT406
S1816,STAT501
S1816,STAT502
S1816,STAT508
S1817,COMP107
S1817,PHIL107
S1817,PHIL108
S1817,PHIL202
S1817,PHIL205
S1818,COMP205
S1818,MATH105
S1818,PSYC305
S1818,STAT108
S1818,STAT201
S1818,STAT206
S1819,COMP109
S1819,ECON102
S1819,ECON203
S1819,ECON206
S1819,PHIL304
S1820,PSYC102
S1820,STAT203
S1820,STAT301
S1820,STAT303
S1820,STAT308
S1821,MATH101
S1821,PHIL101
S1821,PHIL204
S1821,PSYC104
S1821,PSYC404
S1822,COMP102
S1822,COMP108
S1822,COMP203
S1822,ECON102
S1822,PHIL105
S1823,ECON107
S1823,PHIL107
S1823,PHIL208
S1823,PHIL301
S1823,PHIL307
S1823,PSYC204
S1824,COMP106
S1824,COMP209
S1824,ECON203
S1824,PSYC108
S1824,PSYC206
S1825,ECON103
S1825,MATH103
S1825,PHIL103
S1825,PHIL105
S1825,PHIL106
S1825,PHIL206
S1825,PHIL207
S1826,COMP102
S1826,COMP103
S1826,COMP104
S1826,PSYC206
S1826,PSYC304
S1827,MATH108
S1827,MATH202
S1827,MATH208
S1827,MATH209
S1827,MATH305
S1827,MATH306
S1827,MATH307
S1828,ECON202
S1828,STAT302
S1828,STAT406
S1828,STAT506
S1828,STAT507
S1829,COMP301
S1829,COMP307
S1829,COMP309
S1829,COMP406
S1829,PSYC104
S1830,ECON103
S1830,ECON107
S1830,ECON201
S1830,ECON208
S1831,ECON101
S1831,ECON103
S1831,PHIL106
S1831,PSYC104
S1831,PSYC204
S1831,PSYC208
S1832,ECON101
S1832,ECON105
S1832,ECON202
S1832,ECON203
S1832,ECON205
S1833,COMP104
S1833,ECON306
S1833,PSYC104
S1833,PSYC201
S1833,PSYC202
S1833,PSYC303
S1834,COMP403
S1834,PSYC208
S1834,STAT204
S1834,STAT205
S1834,STAT304
S1834,STAT408
S1835,ECON106
S1835,ECON206
S1835,ECON207
S1835,ECON208
S1836,MATH101
S1836,MATH204
S1836,MATH209
S1836,MATH303
S1837,COMP104
S1837,COMP105
S1837,COMP109
S1837,COMP207
S1837,MATH103
S1837,MATH209
S1837,PSYC205
S1838,COMP201
S1838,COMP308
S1838,COMP409
S1838,ECON105
S1838,PHIL204
S1839,COMP402
S1839,COMP408
S1839,COMP502
S1839,ECON105
S1839,PHIL104
S1839,PHIL207
S1840,ECON404
S1840,ECON405
S1840,ECON408
S1840,ECON502
S1840,PHIL201
S1840,PSYC101
S1841,STAT102
S1841,STAT106
S1841,STAT108
S1841,STAT205
S1842,PSYC101
S1842,PSYC102
S1842,PSYC205
S1843,COMP101
S1843,COMP105
S1843,PHIL103
S1843,PSYC101
S1843,PSYC207
S1844,ECON402
S1844,MATH405
S1844,MATH407
S1844,MATH503
S1844,MATH504
S1844,MATH509
S1844,PHIL106
S1845,PHIL201
S1845,STAT201
S1845,STAT207
S1845,STAT302
S1845,STAT304
S1845,STAT402
S1845,STAT407
S1846,PHIL403
S1846,PHIL404
S1846,PHIL408
S1846,PHIL505
S1846,PHIL506
S1846,PHIL507
S1847,COMP101
S1847,COMP102
S1847,COMP206
S1847,COMP207
S1847,COMP208
S1847,ECON106
S1847,PSYC202
S1848,COMP101
S1848,COMP104
S1848,ECON206
S1848,MATH202
S1848,MATH204
S1848,MATH304
S1848,MATH305
S1849,ECON101
S1849,ECON103
S1849,ECON106
S1849,ECON203
S1849,ECON306
S1849,ECON308
S1850,ECON103
S1850,ECON106
S1850,ECON202
S1850,ECON203
S1850,ECON206
S1851,PHIL303
S1851,PSYC103
S1851,PSYC203
S1851,PSYC207
S1851,PSYC301
S1851,PSYC302
S1852,COMP408
S1852,MATH103
S1852,PSYC302
S1852,PSYC403
S1852,PSYC502
S1852,PSYC504
S1853,COMP102
S1853,PHIL101
S1853,PSYC104
S1853,PSYC206
S1853,PSYC208
S1854,ECON202
S1854,MATH109
S1854,PSYC102
S1854,PSYC103
S1854,PSYC202
S1854,PSYC203
S1855,MATH305
S1855,PHIL101
S1855,PHIL102
S1855,PHIL106
S1855,PHIL206
S1855,PHIL208
S1855,PSYC102
S1856,COMP102
S1856,ECON203
S1856,PHIL101
S1856,PHIL203
S1856,PHIL205
S1856,PHIL306
S1857,MATH104
S1857,PHIL305
S1857,PSYC304
S1857,PSYC408
S1857,PSYC503
S1857,PSYC506
S1858,PHIL102
S1858,PHIL104
S1858,PHIL107
S1858,PHIL201
S1858,PHIL205
S1858,PHIL207
S1859,MATH107
S1859,MATH409
S1859,PSYC105
S1859,PSYC108
S1859,PSYC205
S1859,PSYC206
S1860,MATH104
S1860,MATH108
S1860,MATH109
S1860,MATH208
S1861,COMP105
S1861,ECON104
S1861,ECON106
S1861,ECON206
S1861,ECON207
S1862,COMP307
S1862,COMP403
S1862,COMP404
S1862,ECON208
S1862,PHIL106
S1863,COMP206
S1863,ECON101
S1863,ECON106
S1863,ECON107
S1863,ECON204
S1864,ECON303
S1864,PHIL103
S1864,STAT306
S1864,STAT307
S1864,STAT506
S1865,PHIL103
S1865,PHIL107
S1865,PHIL202
S1865,STAT102
S1865,STAT204
S1866,PHIL201
S1866,PHIL202
S1866,PHIL206
S1866,PHIL302
S1866,PHIL307
S1867,COMP102
S1867,COMP108
S1867,MATH203
S1867,MATH206
S1867,MATH304
S1868,ECON302
S1868,ECON401
S1868,ECON403
S1868,ECON405
S1868,ECON506
S1868,STAT103
S1869,ECON103
S1869,ECON107
S1869,PHIL208
S1869,STAT402
S1869,STAT508
S1870,PHIL101
S1870,PHIL103
S1870,PHIL203
S1870,PHIL208
S1870,PHIL302
S1870,PHIL303
S1871,STAT105
S1871,STAT108
S1871,STAT201
S1871,STAT203
S1871,STAT208
S1872,COMP103
S1872,ECON108
S1872,ECON201
S1872,PHIL108
S1872,PSYC201
S1873,PHIL208
S1873,PHIL301
S1873,PHIL401
S1873,PHIL404
S1873,PHIL408
S1873,PSYC208
S1874,COMP101
S1874,COMP108
S1874,COMP109
S1874,COMP202
S1874,COMP205
S1874,PHIL104
S1875,COMP101
S1875,MATH204
S1875,MATH301
S1875,MATH302
S1875,MATH406
S1875,STAT207
S1876,PHIL204
S1876,PHIL207
S1876,PHIL301
S1876,PHIL308
S1876,PHIL408
S1876,PSYC208
S1876,PSYC307
S1877,COMP203
S1877,COMP204
S1877,COMP306
S1877,COMP402
S1877,COMP406
S1877,PSYC105
S1877,STAT104
S1878,COMP208
S1878,COMP304
S1878,COMP404
S1878,COMP405
S1878,PHIL102
S1878,PSYC304
S1879,COMP301
S1879,ECON106
S1879,ECON204
S1879,ECON205
S1879,ECON208
S1879,MATH102
S1879,PHIL108
S1880,PHIL105
S1880,PSYC105
S1880,STAT101
S1880,STAT106
S1880,STAT204
S1880,STAT206
S1881,PSYC206
S1881,PSYC208
S1881,PSYC304
S1881,PSYC403
S1881,PSYC405
S1881,PSYC406
S1882,ECON105
S1882,ECON208
S1882,STAT108
S1882,STAT207
S1883,COMP307
S1883,COMP405
S1883,COMP501
S1883,ECON106
S1883,PSYC201
S1884,ECON202
S1884,ECON205
S1884,ECON308
S1884,ECON405
S1884,ECON407
S1884,PSYC104
S1884,PSYC207
S1885,ECON105
S1885,MATH306
S1885,STAT108
S1885,STAT203
S1885,STAT207
S1886,STAT106
S1886,STAT107
S1886,STAT108
S1886,STAT203
S1886,STAT206
S1886,STAT207
S1887,COMP202
S1887,ECON104
S1887,MATH202
S1887,MATH209
S1887,MATH302
S1888,STAT301
S1888,STAT305
S1888,STAT401
S1888,STAT408
S1888,STAT502
S1888,STAT503
S1889,ECON207
S1889,ECON403
S1889,ECON406
S1889,PHIL306
S1889,PSYC206
S1890,STAT105
S1890,STAT108
S1890,STAT202
S1890,STAT205
S1890,STAT207
S1890,STAT308
S1891,COMP103
S1891,ECON104
S1891,ECON106
S1891,ECON108
S1891,ECON305
S1891,ECON307
S1892,COMP108
S1892,COMP204
S1892,COMP208
S1892,PSYC302
S1892,STAT107
S1893,ECON306
S1893,ECON404
S1893,ECON503
S1893,ECON506
S1893,MATH107
S1894,COMP109
S1894,MATH103
S1894,MATH201
S1894,MATH301
S1894,MATH306
S1894,MATH308
S1894,STAT308
S1895,COMP107
S1895,COMP108
S1895,COMP201
S1895,COMP205
S1895,COMP208
S1895,ECON105
S1896,MATH308
S1896,MATH401
S1896,MATH402
S1896,MATH406
S1896,MATH501
S1896,MATH508
S1896,MATH509
S1897,COMP103
S1897,MATH104
S1897,PSYC104
S1897,PSYC107
S1897,PSYC202
S1898,ECON108
S1898,MATH103
S1898,PSYC305
S1898,PSYC402
S1898,PSYC502
S1898,PSYC507
S1899,COMP108
S1899,ECON404
S1899,MATH105
S1899,PSYC404
S1899,PSYC501
S1900,ECON105
S1900,ECON106
S1900,ECON201
S1900,ECON202
S1900,ECON208
S1901,MATH203
S1901,PSYC308
S1901,PSYC405
S1901,PSYC407
S1901,PSYC408
S1902,COMP102
S1902,COMP202
S1902,COMP208
S1902,PHIL105
S1902,STAT205
S1903,MATH102
S1903,PSYC304
S1903,PSYC305
S1903,PSYC402
S1903,PSYC403
S1903,PSYC507
S1903,PSYC508
S1904,MATH101
S1904,MATH203
S1904,MATH205
S1904,MATH209
S1905,COMP207
S1905,ECON107
S1905,MATH101
S1905,MATH103
S1905,MATH203
S1906,STAT101
S1906,STAT102
S1906,STAT105
S1906,STAT206
S1906,STAT207
S1907,COMP204
S1907,COMP306
S1907,ECON206
S1907,STAT103
S1907,STAT402
S1908,COMP203
S1908,COMP204
S1908,COMP206
S1908,COMP308
S1908,COMP309
S1908,MATH207
S1909,MATH102
S1909,MATH106
S1909,MATH107
S1909,MATH204
S1909,PHIL104
S1909,PSYC103
S1910,MATH202
S1910,PHIL202
S1910,PHIL206
S1910,PHIL207
S1910,PHIL307
S1910,PHIL308
S1910,PSYC205
S1911,ECON106
S1911,ECON202
S1911,PHIL101
S1911,PHIL201
S1911,PHIL205
S1912,ECON101
S1912,ECON208
S1912,PHIL306
S1912,STAT102
S1912,STAT204
S1913,PSYC201
S1913,PSYC205
S1913,PSYC206
S1913,PSYC304
S1913,PSYC408
S1914,ECON204
S1914,ECON205
S1914,ECON301
S1914,ECON306
S1914,MATH108
S1914,PSYC106
S1914,PSYC208
S1915,ECON306
S1915,PSYC206
S1915,PSYC306
S1915,PSYC408
S1915,STAT105
S1916,COMP205
S1916,COMP209
S1916,COMP304
S1916,COMP407
S1916,COMP409
S1916,ECON107
S1916,MATH207
S1917,PSYC105
S1917,PSYC107
S1917,PSYC202
S1917,STAT103
S1917,STAT108
S1917,STAT201
S1917,STAT205
S1918,PSYC102
S1918,PSYC104
S1918,PSYC105
S1918,PSYC208
S1918,PSYC308
S1918,STAT206
S1919,ECON308
S1919,PHIL208
S1919,PSYC102
S1919,PSYC201
S1919,STAT107
S1920,COMP104
S1920,ECON102
S1920,ECON104
S1920,ECON201
S1920,ECON204
S1920,ECON307
S1920,MATH102
S1921,COMP105
S1921,ECON408
S1921,ECON501
S1921,ECON504
S1921,ECON505
S1921,MATH102
S1921,MATH301
S1922,COMP301
S1922,COMP302
S1922,COMP403
S1922,COMP407
S1922,COMP506
S1922,COMP509
S1922,PHIL408
S1923,MATH102
S1923,MATH105
S1923,MATH106
S1923,MATH204
S1923,MATH209
S1924,COMP108
S1924,COMP206
S1924,COMP209
S1924,PSYC205
S1924,STAT101
S1925,ECON208
S1925,PHIL402
S1925,PHIL503
S1925,PSYC101
S1925,STAT104
S1926,MATH107
S1926,MATH206
S1926,PHIL201
S1926,STAT102
S1926,STAT207
S1927,COMP209
S1927,PSYC405
S1927,PSYC406
S1927,PSYC502
S1927,PSYC504
S1927,PSYC506
S1928,COMP203
S1928,PHIL205
S1928,STAT206
S1928,STAT301
S1928,STAT403
S1928,STAT404
S1928,STAT408
S1929,COMP108
S1929,MATH105
S1929,MATH204
S1929,MATH207
S1929,STAT208
S1929,STAT402
S1930,COMP109
S1930,PHIL403
S1930,PSYC104
S1930,STAT201
S1930,STAT306
S1930,STAT403
S1930,STAT405
S1931,PHIL102
S1931,PHIL104
S1931,PHIL202
S1931,PHIL208
S1931,STAT104
S1932,COMP101
S1932,COMP109
S1932,COMP201
S1932,COMP206
S1932,COMP305
S1932,MATH102
S1932,STAT107
S1933,ECON205
S1933,ECON304
S1933,ECON408
S1933,MATH108
S1933,PHIL402
S1933,STAT302
S1934,MATH103
S1934,MATH109
S1934,PSYC105
S1934,STAT104
S1934,STAT105
S1934,STAT106
S1934,STAT207
S1935,COMP107
S1935,ECON203
S1935,STAT103
S1935,STAT201
S1935,STAT208
S1936,ECON101
S1936,ECON105
S1936,ECON107
S1936,ECON203
S1936,ECON205
S1936,ECON208
S1936,ECON305
S1937,COMP309
S1937,PSYC304
S1937,PSYC401
S1937,PSYC406
S1937,PSYC502
S1937,STAT202
S1938,COMP203
S1938,PHIL101
S1938,PHIL105
S1938,PHIL204
S1938,PSYC101
S1939,MATH102
S1939,PSYC107
S1939,STAT103
S1939,STAT106
S1939,STAT203
S1940,COMP108
S1940,COMP209
S1940,PHIL301
S1940,PHIL405
S1940,PHIL406
S1940,PHIL408
S1940,PHIL506
S1941,COMP106
S1941,COMP202
S1941,COMP302
S1941,COMP304
S1941,COMP308
S1941,PSYC103
S1941,STAT101
S1942,COMP302
S1942,COMP404
S1942,COMP407
S1942,COMP503
S1942,COMP509
S1942,PSYC506
S1942,STAT201
S1943,COMP108
S1943,COMP202
S1943,MATH103
S1943,STAT107
S1943,STAT405
S1944,COMP206
S1944,COMP304
S1944,COMP406
S1944,ECON108
S1944,STAT106
S1945,COMP201
S1945,COMP302
S1945,COMP304
S1945,COMP402
S1945,COMP407
S1945,MATH309
S1945,STAT308
S1946,MATH402
S1946,MATH507
S1946,MATH508
S1947,PSYC106
S1947,PSYC201
S1947,PSYC204
S1947,PSYC206
S1947,STAT101
S1947,STAT102
S1948,PSYC205
S1948,PSYC207
S1948,PSYC208
S1948,PSYC303
S1948,PSYC308
S1948,PSYC403
S1948,PSYC404
S1949,MATH408
S1949,PHIL104
S1949,PHIL206
S1949,PHIL304
S1949,PHIL306
S1950,MATH306
S1950,MATH403
S1950,MATH406
S1950,MATH409
S1950,PSYC104
S1951,MATH105
S1951,MATH106
S1951,MATH107
S1951,MATH203
S1951,MATH205
S1952,MATH102
S1952,MATH201
S1953,ECON101
S1953,PSYC101
S1953,PSYC104
S1953,PSYC107
S1953,PSYC201
S1953,PSYC205
S1953,PSYC302
S1954,STAT101
S1954,STAT103
S1954,STAT201
S1954,STAT205
S1954,STAT303
S1954,STAT304
S1954,STAT306
S1955,ECON101
S1955,ECON102
S1955,ECON204
S1955,ECON207
S1955,ECON306
S1956,ECON205
S1956,ECON302
S1956,PSYC106
S1956,PSYC108
S1956,PSYC308
S1956,STAT204
S1957,COMP107
S1957,COMP205
S1957,COMP207
S1957,COMP307
S1957,ECON107
S1957,MATH103
S1957,STAT306
S1958,MATH103
S1958,STAT202
S1958,STAT302
S1958,STAT304
S1958,STAT308
S1958,STAT402
S1958,STAT407
S1959,COMP106
S1959,PSYC103
S1959,PSYC104
S1959,PSYC202
S1959,PSYC208
S1960,COMP103
S1960,COMP409
S1960,MATH102
S1960,MATH109
S1960,MATH203
S1960,PSYC107
S1961,COMP203
S1961,ECON102
S1961,ECON108
S1961,ECON201
S1961,ECON202
S1961,ECON207
S1961,STAT105
S1962,ECON103
S1962,PSYC101
S1962,STAT205
S1962,STAT206
S1962,STAT208
S1962,STAT305
S1962,STAT306
S1963,COMP103
S1963,MATH206
S1963,MATH208
S1963,MATH302
S1963,MATH309
S1964,MATH207
S1964,MATH309
S1964,MATH402
S1964,MATH403
S1964,MATH404
S1965,COMP107
S1965,COMP205
S1965,COMP308
S1965,PHIL106
S1965,STAT103
S1966,COMP104
S1966,ECON103
S1966,PHIL401
S1966,PHIL505
S1967,COMP305
S1967,MATH405
S1967,MATH505
S1967,PSYC105
S1968,COMP106
S1968,COMP107
S1968,COMP109
S1968,COMP206
S1968,STAT208
S1969,STAT101
S1969,STAT103
S1969,STAT106
S1969,STAT202
S1969,STAT206
S1969,STAT208
S1970,COMP203
S1970,ECON308
S1970,MATH402
S1970,MATH403
S1970,MATH406
S1970,MATH502
S1971,PHIL101
S1971,PHIL103
S1971,PHIL106
S1971,STAT102
S1971,STAT105
S1972,PSYC105
S1972,PSYC106
S1972,PSYC107
S1972,PSYC201
S1972,PSYC203
S1972,PSYC206
S1973,MATH301
S1973,MATH305
S1973,MATH309
S1973,MATH405
S1973,MATH505
S1973,PSYC207
S1973,STAT103
S1974,COMP203
S1974,ECON104
S1974,PHIL106
S1974,PHIL107
S1974,PHIL201
S1975,ECON105
S1975,ECON108
S1975,ECON201
S1975,ECON202
S1975,PSYC101
S1975,PSYC107
S1976,ECON202
S1976,PSYC105
S1976,STAT101
S1976,STAT104
S1976,STAT108
S1976,STAT202
S1977,PHIL104
S1977,PHIL107
S1977,PHIL108
S1977,PHIL204
S1977,PHIL207
S1977,PHIL208
S1978,COMP201
S1978,COMP202
S1978,COMP302
S1978,COMP306
S1978,COMP404
S1978,PHIL108
S1979,PSYC304
S1979,STAT302
S1979,STAT403
S1979,STAT404
S1979,STAT502
S1980,ECON102
S1980,PHIL106
S1980,PHIL203
S1980,PHIL205
S1980,PHIL208
S1980,PSYC401
S1981,PHIL106
S1981,PHIL107
S1981,PHIL206
S1981,PHIL207
S1981,PHIL302
S1981,PHIL305
S1982,MATH108
S1982,PHIL203
S1982,PHIL207
S1982,PHIL306
S1982,PHIL408
S1982,PSYC104
S1983,PHIL203
S1983,PHIL205
S1983,PHIL208
S1983,PHIL302
S1983,PHIL303
S1983,PHIL304
S1984,PHIL107
S1984,PHIL202
S1984,PSYC104
S1984,PSYC207
S1984,STAT108
S1985,STAT108
S1985,STAT203
S1985,STAT206
S1986,COMP103
S1986,COMP104
S1986,COMP203
S1987,MATH205
S1987,PHIL106
S1987,STAT105
S1987,STAT201
S1987,STAT203
S1988,ECON104
S1988,ECON105
S1988,ECON208
S1988,MATH104
S1988,STAT308
S1989,ECON201
S1989,MATH302
S1989,MATH304
S1989,MATH305
S1989,MATH403
S1989,MATH405
S1989,PSYC307
S1990,PSYC306
S1990,PSYC308
S1990,PSYC403
S1990,PSYC408
S1990,STAT306
S1991,COMP201
S1991,COMP202
S1991,COMP302
S1991,COMP308
S1991,COMP402
S1991,COMP404
S1992,PHIL101
S1992,PHIL108
S1992,PHIL202
S1992,PHIL204
S1992,PHIL207
S1993,COMP106
S1993,ECON102
S1993,PSYC305
S1993,PSYC307
S1993,PSYC402
S1994,MATH303
S1994,PHIL105
S1994,PHIL108
S1994,PHIL205
S1994,PHIL206
S1994,PHIL307
S1995,COMP108
S1995,ECON204
S1995,STAT202
S1995,STAT302
S1995,STAT403
S1995,STAT408
S1996,PHIL305
S1996,PHIL306
S1996,PHIL501
S1996,PHIL502
S1996,PHIL507
S1996,PSYC207
S1997,PHIL101
S1997,PSYC205
S1997,STAT101
S1997,STAT203
S1997,STAT207
S1998,COMP107
S1998,PSYC101
S1998,STAT202
S1998,STAT205
S1998,STAT301
S1999,COMP108
S1999,MATH206
S1999,PHIL206
S1999,PSYC101
S1999,PSYC102
S1999,PSYC107
S1999,PSYC204
S2000,ECON103
S2000,ECON108
S2000,PHIL104
S2000,PHIL203
S2000,PHIL208
S2000,PHIL301
S2000,STAT306
S2001,ECON205
S2001,MATH206
S2001,PHIL208
S2001,PSYC102
S2001,PSYC105
S2001,PSYC201
S2002,ECON206
S2002,ECON301
S2002,PSYC402
S2002,PSYC405
S2002,PSYC408
S2002,PSYC506
S2002,STAT106
S2003,COMP301
S2003,COMP303
S2003,ECON302
S2003,MATH202
S2003,STAT106
S2004,ECON304
S2004,PSYC206
S2004,STAT207
S2004,STAT208
S2004,STAT304
S2004,STAT307
S2004,STAT403
S2005,COMP109
S2005,ECON104
S2005,ECON201
S2005,ECON202
S2005,STAT206
S2006,MATH202
S2006,MATH206
S2006,MATH302
S2006,MATH307
S2006,MATH402
S2007,PHIL103
S2007,PHIL105
S2007,PHIL202
S2007,PHIL207
S2007,PHIL208
S2007,PHIL305
S2008,COMP109
S2008,COMP205
S2008,COMP207
S2008,PSYC104
S2008,PSYC407
S2009,COMP201
S2009,STAT103
S2009,STAT104
S2009,STAT105
S2009,STAT208
S2010,ECON103
S2010,PHIL203
S2010,PHIL207
S2010,PHIL306
S2010,PHIL404
S2011,COMP402
S2011,PSYC103
S2011,PSYC108
S2011,PSYC205
S2011,STAT104
S2012,MATH108
S2012,MATH207
S2012,PHIL108
S2012,STAT401
S2012,STAT407
S2012,STAT504
S2012,STAT506
S2013,ECON107
S2013,MATH106
S2013,MATH108
S2013,MATH206
S2013,MATH208
S2013,MATH302
S2013,MATH306
S2014,MATH202
S2014,MATH203
S2014,MATH207
S2014,MATH403
S2014,PHIL102
S2014,PHIL201
S2014,PSYC104
S2015,ECON103
S2015,ECON201
S2015,ECON301
S2015,ECON302
S2015,ECON308
S2015,STAT103
S2016,COMP107
S2016,COMP206
S2016,ECON108
S2016,PSYC301
S2016,STAT105
S2017,COMP101
S2017,COMP106
S2017,COMP107
S2017,COMP209
S2017,PHIL203
S2017,PSYC302
S2018,PHIL102
S2018,PHIL206
S2018,PHIL207
S2019,ECON103
S2019,ECON106
S2019,ECON202
S2019,ECON207
S2019,ECON302
S2019,ECON305
S2019,ECON306
S2020,COMP102
S2020,PHIL103
S2020,PSYC304
S2020,PSYC305
S2020,PSYC403
S2020,PSYC506
S2021,COMP102
S2021,COMP207
S2021,PHIL107
S2021,PHIL108
S2021,PHIL203
S2021,PSYC305
S2022,COMP108
S2022,MATH201
S2022,MATH203
S2022,MATH306
S2022,MATH407
S2022,MATH408
S2022,PHIL202
S2023,MATH107
S2023,PSYC102
S2023,STAT102
S2023,STAT207
S2023,STAT304
S2023,STAT305
S2024,ECON101
S2024,ECON102
S2024,ECON106
S2024,ECON205
S2024,ECON208
S2025,PHIL108
S2025,PSYC202
S2025,PSYC204
S2025,PSYC206
S2025,PSYC301
S2025,PSYC306
S2025,PSYC406
S2026,STAT107
S2026,STAT108
S2026,STAT205
S2026,STAT304
S2026,STAT305
S2027,COMP108
S2027,PHIL201
S2027,PHIL306
S2027,PSYC108
S2027,PSYC201
S2027,PSYC206
S2028,COMP203
S2028,ECON104
S2028,ECON202
S2028,ECON207
S2028,ECON307
S2028,MATH104
S2028,STAT102
S2029,COMP109
S2029,PHIL105
S2029,STAT205
S2029,STAT208
S2029,STAT301
S2029,STAT302
S2030,ECON303
S2030,ECON308
S2030,ECON404
S2030,ECON503
S2030,ECON506
S2030,STAT103
S2031,COMP107
S2031,ECON107
S2031,STAT201
S2031,STAT203
S2031,STAT408
S2032,ECON101
S2032,ECON103
S2032,ECON203
S2032,ECON304
S2032,PSYC401
S2032,STAT104
S2033,PHIL207
S2033,STAT303
S2033,STAT305
S2033,STAT403
S2033,STAT501
S2033,STAT504
S2033,STAT505
S2034,ECON106
S2034,ECON108
S2034,ECON205
S2034,ECON207
S2034,ECON208
S2035,PHIL103
S2035,STAT102
S2035,STAT106
S2035,STAT202
S2035,STAT301
S2036,MATH203
S2036,PSYC405
S2036,PSYC502
S2036,PSYC505
S2036,PSYC508
S2036,STAT106
S2037,COMP301
S2037,COMP308
S2037,COMP401
S2037,COMP403
S2037,ECON101
S2038,ECON104
S2038,STAT301
S2038,STAT401
S2038,STAT405
S2038,STAT502
S2038,STAT506
S2039,COMP301
S2039,COMP408
S2039,COMP506
S2039,ECON208
S2039,PHIL207
S2039,PSYC201
S2040,MATH107
S2040,MATH202
S2040,STAT107
S2040,STAT108
S2040,STAT205
S2040,STAT208
S2040,STAT306
S2041,PSYC101
S2041,PSYC201
S2041,PSYC307
S2042,ECON102
S2042,ECON104
S2042,PHIL204
S2042,STAT108
S2042,STAT305
S2042,STAT307
S2043,COMP106
S2043,ECON105
S2043,PHIL103
S2043,PHIL107
S2043,PHIL205
S2043,PHIL303
S2043,PHIL308
S2044,COMP107
S2044,ECON204
S2044,MATH102
S2044,MATH108
S2044,MATH201
S2044,MATH202
S2044,MATH203
S2045,ECON202
S2045,ECON205
S2045,ECON207
S2045,ECON303
S2045,ECON305
S2045,ECON402
S2045,ECON405
S2046,MATH201
S2046,MATH208
S2046,MATH303
S2046,MATH308
S2046,MATH401
S2046,PHIL102
S2046,PHIL103
S2047,ECON205
S2047,ECON206
S2047,ECON306
S2047,ECON403
S2047,ECON406
S2048,COMP304
S2048,MATH103
S2048,MATH205
S2048,MATH206
S2048,MATH304
S2048,MATH307
S2049,MATH302
S2049,MATH305
S2049,MATH408
S2049,MATH502
S2049,MATH506
S2049,MATH508
S2050,MATH407
S2050,MATH409
S2050,MATH507
S2050,MATH509
S2050,STAT307
S2051,PHIL206
S2051,PHIL207
S2051,PSYC203
S2051,STAT207
S2051,STAT306
S2052,ECON105
S2052,ECON202
S2052,ECON205
S2052,ECON206
S2053,ECON204
S2053,PHIL205
S2053,PHIL305
S2053,PHIL307
S2053,PHIL406
S2053,STAT207
S2054,COMP403
S2054,COMP406
S2054,COMP409
S2054,COMP502
S2054,PHIL102
S2054,PHIL108
S2055,ECON105
S2055,ECON202
S2055,ECON206
S2056,COMP407
S2056,COMP506
S2056,COMP509
S2056,ECON104
S2056,MATH202
S2057,MATH102
S2057,MATH103
S2057,MATH203
S2057,MATH206
S2057,MATH305
S2057,MATH307
S2058,COMP103
S2058,COMP201
S2058,COMP207
S2058,MATH105
S2058,PHIL103
S2059,COMP202
S2059,COMP206
S2059,COMP303
S2059,COMP403
S2060,MATH207
S2060,MATH304
S2060,STAT101
S2060,STAT104
S2060,STAT106
S2060,STAT205
S2061,COMP105
S2061,MATH105
S2061,MATH201
S2061,MATH202
S2061,PSYC102
S2061,PSYC208
S2062,MATH106
S2062,MATH107
S2062,MATH202
S2062,MATH301
S2063,COMP204
S2063,COMP207
S2063,COMP302
S2063,COMP305
S2063,COMP307
S2063,COMP408
S2064,ECON101
S2064,ECON105
S2064,ECON202
S2064,ECON204
S2064,ECON304
S2065,MATH309
S2065,PHIL202
S2065,PHIL208
S2065,PHIL303
S2065,PHIL306
S2065,PHIL408
S2065,STAT103
S2066,PHIL302
S2066,PHIL308
S2066,PHIL404
S2066,PHIL405
S2066,PHIL406
S2066,PHIL504
S2066,PSYC101
S2067,ECON106
S2067,MATH102
S2067,MATH104
S2067,MATH202
S2067,MATH203
S2067,PSYC102
S2068,PHIL101
S2068,PHIL106
S2068,PHIL202
S2068,PHIL206
S2068,PSYC202
S2068,PSYC408
S2069,MATH101
S2069,PSYC307
S2069,STAT108
S2069,STAT203
S2069,STAT205
S2069,STAT207
S2070,STAT101
S2070,STAT103
S2070,STAT107
S2070,STAT201
S2070,STAT205
S2070,STAT207
S2071,COMP106
S2071,COMP204
S2071,COMP206
S2071,ECON106
S2071,STAT105
S2072,MATH108
S2072,PHIL101
S2072,PHIL203
S2072,PHIL206
S2072,PHIL307
S2072,PSYC201
S2073,COMP104
S2073,COMP108
S2073,COMP109
S2073,COMP206
S2073,MATH106
S2074,STAT301
S2074,STAT303
S2074,STAT304
S2074,STAT405
S2074,STAT408
S2075,COMP104
S2075,COMP105
S2075,COMP202
S2075,COMP303
S2075,PSYC204
S2076,PHIL206
S2076,PSYC102
S2076,PSYC104
S2076,PSYC108
S2076,PSYC206
S2076,STAT402
S2077,ECON201
S2077,ECON301
S2077,ECON306
S2077,ECON308
S2077,ECON404
S2077,PHIL204
S2077,PHIL306
S2078,COMP103
S2078,PHIL108
S2078,PHIL201
S2078,PHIL207
S2078,PHIL306
S2078,PHIL307
S2078,PSYC207
S2079,MATH108
S2079,MATH203
S2079,MATH207
S2079,MATH305
S2079,MATH306
S2079,MATH309
S2080,ECON304
S2080,ECON306
S2080,ECON402
S2080,ECON503
S2080,ECON508
S2081,ECON108
S2081,MATH408
S2081,PHIL107
S2081,STAT107
S2081,STAT207
S2082,COMP101
S2082,PHIL102
S2082,PHIL202
S2082,PHIL206
S2082,PSYC107
S2083,COMP108
S2083,COMP201
S2083,COMP203
S2084,MATH301
S2084,MATH308
S2084,MATH401
S2084,MATH506
S2084,MATH508
S2084,PHIL208
S2085,ECON206
S2085,MATH106
S2085,MATH207
S2085,MATH309
S2085,PHIL305
S2085,PSYC101
S2086,COMP201
S2086,MATH101
S2086,PSYC301
S2086,PSYC304
S2086,PSYC407
S2086,PSYC408
S2087,PHIL201
S2087,PHIL202
S2087,PHIL207
S2087,PHIL304
S2087,PHIL305
S2088,ECON303
S2088,PHIL102
S2088,PSYC306
S2088,STAT207
S2088,STAT304
S2088,STAT305
S2088,STAT405
S2089,PSYC102
S2089,PSYC106
S2089,PSYC201
S2089,PSYC207
S2089,PSYC302
S2089,PSYC303
S2089,PSYC305
S2090,ECON103
S2090,MATH208
S2090,PHIL106
S2090,STAT102
S2090,STAT103
S2090,STAT206
S2090,STAT302
S2091,COMP407
S2091,COMP505
S2091,COMP506
S2091,PHIL108
S2091,PHIL201
S2092,COMP105
S2092,COMP201
S2092,COMP206
S2092,PHIL201
S2092,PSYC102
S2093,PSYC107
S2093,PSYC202
S2093,PSYC304
S2094,MATH106
S2094,PSYC107
S2094,PSYC108
S2094,PSYC201
S2094,PSYC208
S2094,PSYC302
S2095,ECON205
S2095,MATH107
S2095,MATH109
S2095,MATH205
S2095,MATH307
S2095,PHIL102
S2096,PHIL308
S2096,PSYC103
S2096,STAT103
S2096,STAT105
S2096,STAT201
S2096,STAT208
S2097,ECON105
S2097,PHIL208
S2097,PSYC104
S2097,STAT101
S2097,STAT104
S2097,STAT106
S2097,STAT204
S2098,MATH101
S2098,MATH105
S2098,MATH203
S2098,MATH204
S2098,MATH208
S2099,COMP102
S2099,COMP103
S2099,COMP204
S2099,ECON108
S2099,STAT305
S2100,ECON206
S2100,ECON301
S2100,ECON308
S2100,ECON401
S2100,MATH201
S2101,ECON102
S2101,ECON206
S2101,ECON208
S2102,COMP102
S2102,COMP107
S2102,COMP108
S2102,COMP201
S2102,COMP204
S2102,STAT208
S2103,COMP105
S2103,ECON503
S2103,STAT202
S2103,STAT302
S2103,STAT304
S2103,STAT402
S2104,COMP204
S2104,MATH103
S2104,PHIL101
S2104,PHIL105
S2104,PHIL205
S2104,PHIL305
S2105,COMP103
S2105,COMP201
S2105,COMP205
S2105,COMP209
S2105,ECON103
S2105,PSYC207
S2106,COMP401
S2106,COMP404
S2106,COMP407
S2106,COMP504
S2106,COMP507
S2106,PSYC306
S2107,ECON102
S2107,MATH309
S2107,PSYC303
S2107,STAT106
S2107,STAT306
S2108,COMP303
S2108,PHIL105
S2108,PHIL106
S2108,PHIL208
S2108,STAT208
S2109,COMP407
S2109,ECON201
S2109,ECON303
S2109,ECON404
S2109,ECON408
S2110,COMP105
S2110,ECON107
S2110,ECON205
S2110,ECON207
S2110,ECON208
S2111,COMP101
S2111,COMP107
S2111,COMP201
S2111,COMP202
S2111,COMP206
S2111,PHIL103
S2111,PSYC108
S2112,COMP108
S2112,MATH202
S2112,MATH205
S2112,MATH303
S2112,MATH306
S2113,MATH104
S2113,PHIL207
S2113,PHIL303
S2113,PHIL402
S2113,PHIL404
S2113,PHIL407
S2114,PHIL301
S2114,PHIL306
S2114,PHIL403
S2114,PHIL503
S2114,PHIL506
S2114,PHIL507
S2115,MATH203
S2115,MATH307
S2115,MATH406
S2116,MATH106
S2116,PSYC201
S2116,STAT106
S2116,STAT203
S2116,STAT207
S2116,STAT208
S2117,COMP101
S2117,MATH207
S2117,PHIL104
S2117,STAT101
S2117,STAT201
S2117,STAT205
S2118,PHIL101
S2118,PSYC107
S2118,STAT304
S2118,STAT405
S2118,STAT501
S2118,STAT503
S2119,MATH202
S2119,PHIL101
S2119,PHIL203
S2119,PHIL205
S2119,PHIL304
S2119,PHIL308
S2119,STAT104
S2120,ECON302
S2120,ECON407
S2120,ECON505
S2120,PSYC101
S2120,PSYC108
S2120,STAT204
S2121,MATH102
S2121,MATH201
S2121,MATH208
S2121,PHIL108
S2121,STAT106
S2122,PHIL206
S2122,PSYC205
S2122,STAT108
S2122,STAT206
S2122,STAT207
S2123,ECON107
S2123,PSYC104
S2123,STAT307
S2123,STAT403
S2123,STAT408
S2123,STAT503
S2124,COMP205
S2124,COMP307
S2124,COMP406
S2124,COMP407
S2124,ECON106
S2124,MATH107
S2124,MATH404
S2125,COMP205
S2125,COMP301
S2125,COMP303
S2125,COMP309
S2125,STAT102
S2126,COMP106
S2126,COMP107
S2126,COMP201
S2126,COMP205
S2126,COMP207
S2126,COMP303
S2127,COMP201
S2127,PHIL107
S2127,PSYC101
S2127,PSYC102
S2127,PSYC204
S2127,PSYC205
S2127,PSYC305
S2128,ECON102
S2128,MATH101
S2128,STAT101
S2128,STAT108
S2128,STAT207
S2128,STAT208
S2129,COMP105
S2129,ECON203
S2129,PHIL106
S2129,PHIL201
S2129,PHIL203
S2130,MATH104
S2130,PHIL102
S2130,PHIL107
S2130,PHIL201
S2130,PHIL306
S2131,ECON105
S2131,ECON202
S2131,ECON207
S2131,ECON208
S2131,PHIL505
S2132,ECON107
S2132,ECON201
S2132,ECON207
S2132,ECON303
S2132,ECON304
S2133,ECON107
S2133,PSYC203
S2133,PSYC207
S2133,STAT106
S2133,STAT204
S2134,PSYC103
S2134,PSYC108
S2134,PSYC204
S2134,PSYC205
S2134,PSYC208
S2135,MATH404
S2135,PSYC205
S2135,STAT307
S2135,STAT401
S2135,STAT405
S2136,MATH103
S2136,MATH108
S2136,PHIL106
S2136,PHIL201
S2136,PHIL203
S2136,PHIL205
S2137,COMP104
S2137,ECON206
S2137,ECON302
S2137,ECON308
S2137,MATH206
S2138,COMP107
S2138,COMP109
S2138,COMP205
S2138,COMP206
S2138,COMP208
S2138,MATH103
S2138,PHIL104
S2139,MATH209
S2139,PHIL107
S2139,PSYC203
S2139,PSYC206
S2139,PSYC207
S2139,PSYC302
S2139,PSYC402
S2140,COMP207
S2140,COMP302
S2140,COMP305
S2140,MATH107
S2140,PHIL101
S2140,PHIL107
S2141,COMP106
S2141,ECON107
S2141,ECON201
S2141,ECON202
S2141,STAT104
S2142,COMP105
S2142,MATH408
S2142,MATH503
S2142,MATH507
S2142,MATH509
S2143,COMP101
S2143,COMP104
S2143,MATH102
S2143,MATH209
S2144,COMP402
S2144,MATH105
S2144,MATH206
S2144,PHIL102
S2144,STAT208
S2145,COMP106
S2145,COMP207
S2145,COMP302
S2146,COMP103
S2146,COMP104
S2146,PSYC102
S2146,STAT201
S2146,STAT305
S2147,COMP202
S2147,COMP405
S2147,MATH105
S2147,MATH203
S2147,MATH204
S2147,MATH207
S2148,MATH105
S2148,MATH107
S2148,MATH209
S2148,MATH305
S2148,PSYC103
S2148,STAT304
S2149,PHIL101
S2149,PHIL102
S2149,PHIL204
S2149,PHIL205
S2150,MATH309
S2150,MATH404
S2150,MATH502
S2150,MATH503
S2150,MATH508
S2151,ECON108
S2151,ECON202
S2151,MATH203
S2151,MATH207
S2151,MATH309
S2151,MATH407
S2152,ECON106
S2152,ECON204
S2152,ECON302
S2152,ECON307
S2152,PHIL104
S2152,STAT107
S2152,STAT305
S2153,COMP402
S2153,COMP403
S2153,COMP408
S2153,STAT207
S2153,STAT508
S2154,COMP102
S2154,COMP106
S2154,COMP109
S2154,PSYC102
S2154,PSYC204
S2155,COMP204
S2155,COMP206
S2155,COMP207
S2155,COMP301
S2155,COMP305
S2155,COMP308
S2156,PHIL106
S2156,PSYC205
S2156,PSYC208
S2156,PSYC304
S2156,PSYC306
S2156,PSYC307
S2157,COMP106
S2157,ECON104
S2157,ECON105
S2157,ECON107
S2157,ECON208
S2157,PHIL207
S2158,COMP105
S2158,COMP106
S2158,COMP206
S2158,COMP305
S2158,COMP308
S2158,ECON106
S2158,PHIL408
S2159,COMP106
S2159,MATH202
S2159,STAT105
S2159,STAT201
S2159,STAT203
S2159,STAT205
S2159,STAT306
S2160,ECON101
S2160,PSYC301
S2160,PSYC306
S2160,PSYC404
S2160,PSYC405
S2160,PSYC501
S2161,ECON302
S2161,STAT101
S2161,STAT105
S2161,STAT207
S2161,STAT208
S2161,STAT308
S2162,PSYC401
S2162,PSYC402
S2162,PSYC406
S2162,PSYC501
S2163,MATH104
S2163,MATH107
S2163,MATH108
S2163,MATH209
S2163,MATH306
S2163,PSYC302
S2164,STAT302
S2164,STAT305
S2164,STAT404
S2164,STAT407
S2164,STAT501
S2165,COMP204
S2165,COMP206
S2165,COMP301
S2165,COMP407
S2165,ECON105
S2165,MATH102
S2166,COMP203
S2166,COMP206
S2166,COMP303
S2166,COMP304
S2166,COMP403
S2166,COMP408
S2166,ECON101
S2167,COMP103
S2167,COMP201
S2167,COMP302
S2167,COMP307
S2167,COMP309
S2168,COMP209
S2168,PHIL103
S2168,PHIL104
S2168,PHIL204
S2168,PHIL306
S2168,PSYC304
S2169,MATH104
S2169,MATH105
S2169,MATH108
S2169,MATH204
S2169,MATH304
S2170,COMP102
S2170,COMP106
S2170,STAT402
S2170,STAT502
S2171,ECON103
S2171,ECON105
S2171,ECON202
S2171,ECON205
S2171,PHIL104
S2171,PSYC102
S2172,COMP101
S2172,ECON203
S2172,ECON208
S2172,ECON303
S2172,MATH209
S2173,COMP203
S2173,COMP209
S2173,COMP306
S2173,COMP403
S2173,ECON501
S2174,ECON105
S2174,MATH203
S2174,PHIL105
S2174,PHIL203
S2175,PSYC101
S2175,PSYC108
S2175,PSYC202
S2175,PSYC206
S2175,PSYC308
S2176,COMP104
S2176,COMP207
S2176,PSYC107
S2176,PSYC108
S2176,STAT108
S2177,ECON104
S2177,ECON202
S2177,ECON205
S2177,ECON208
S2177,ECON304
S2177,ECON307
S2177,PHIL105
S2178,ECON104
S2178,ECON204
S2178,ECON208
S2178,ECON306
S2178,PHIL103
S2179,ECON104
S2179,PSYC101
S2179,STAT203
S2179,STAT205
S2179,STAT303
S2180,COMP109
S2180,PHIL306
S2180,STAT304
S2180,STAT307
S2180,STAT406
S2180,STAT502
S2181,MATH206
S2181,MATH305
S2181,MATH402
S2181,MATH403
S2181,PHIL307
S2181,STAT203
S2182,COMP304
S2182,COMP406
S2182,COMP502
S2182,COMP507
S2182,PHIL102
S2182,STAT306
S2183,COMP304
S2183,ECON205
S2183,ECON303
S2183,ECON304
S2183,ECON307
S2183,ECON406
S2184,COMP106
S2184,COMP206
S2184,COMP307
S2184,ECON201
S2184,ECON208
S2184,PSYC101
S2185,COMP101
S2185,COMP108
S2185,COMP202
S2185,COMP209
S2185,MATH303
S2185,PSYC207
S2186,COMP208
S2186,PSYC203
S2186,STAT101
S2186,STAT202
S2186,STAT205
S2187,ECON206
S2187,MATH102
S2187,MATH105
S2187,MATH202
S2187,MATH206
S2187,MATH209
S2187,PHIL208
S2188,COMP101
S2188,COMP108
S2188,COMP201
S2188,COMP208
S2188,COMP209
S2188,MATH408
S2188,STAT103
S2189,MATH102
S2189,MATH103
S2189,MATH207
S2189,MATH209
S2189,PSYC207
S2190,COMP103
S2190,ECON108
S2190,STAT301
S2190,STAT408
S2190,STAT502
S2191,COMP405
S2191,COMP506
S2191,MATH202
S2191,MATH401
S2191,PSYC301
S2192,PHIL404
S2192,PHIL405
S2192,PHIL406
S2192,PHIL507
S2192,STAT104
S2192,STAT203
S2192,STAT403
S2193,COMP403
S2193,COMP404
S2193,COMP505
S2193,COMP509
S2193,PSYC205
S2194,ECON207
S2194,STAT302
S2194,STAT307
S2194,STAT401
S2194,STAT407
S2194,STAT501
S2195,ECON104
S2195,MATH303
S2195,STAT401
S2195,STAT505
S2195,STAT506
S2195,STAT507
S2196,COMP104
S2196,COMP306
S2196,STAT106
S2196,STAT204
S2197,ECON104
S2197,ECON105
S2197,STAT105
S2197,STAT106
S2197,STAT204
S2198,ECON101
S2198,ECON204
S2198,MATH108
S2198,MATH204
S2198,MATH305
S2199,PSYC305
S2199,PSYC406
S2199,PSYC503
S2199,PSYC507
S2199,PSYC508
S2199,STAT301
S2200,ECON305
S2200,PSYC201
S2200,STAT101
S2200,STAT102
S2200,STAT205
S2200,STAT206
S2201,ECON103
S2201,ECON108
S2201,ECON201
S2201,ECON205
S2202,MATH109
S2202,PSYC106
S2202,STAT303
S2202,STAT305
S2202,STAT403
S2202,STAT407
S2203,COMP207
S2203,STAT203
S2203,STAT205
S2203,STAT302
S2203,STAT401
S2203,STAT404
S2203,STAT406
S2204,MATH103
S2204,MATH109
S2204,MATH208
S2204,MATH209
S2204,MATH301
S2204,MATH302
S2204,MATH305
S2205,COMP201
S2205,PSYC107
S2205,PSYC201
S2205,PSYC208
S2205,STAT204
S2205,STAT305
S2206,ECON101
S2206,MATH105
S2206,MATH108
S2206,MATH207
S2206,STAT201
S2207,MATH103
S2207,MATH105
S2207,MATH207
S2208,COMP207
S2208,ECON308
S2208,ECON405
S2208,ECON407
S2208,ECON408
S2208,ECON504
S2208,MATH205
S2209,STAT103
S2209,STAT104
S2209,STAT205
S2209,STAT206
S2210,COMP104
S2210,ECON307
S2210,ECON408
S2210,PSYC103
S2210,STAT207
S2211,ECON101
S2211,ECON206
S2211,ECON208
S2211,PHIL202
S2211,STAT106
S2212,MATH102
S2212,MATH201
S2212,MATH202
S2212,MATH205
S2212,PSYC201
S2212,STAT108
S2213,COMP301
S2213,PSYC406
S2213,PSYC408
S2213,PSYC507
S2213,PSYC508
S2213,STAT108
S2214,ECON101
S2214,ECON105
S2214,ECON108
S2214,ECON307
S2214,STAT104
S2215,MATH105
S2215,PHIL307
S2215,STAT201
S2215,STAT305
S2215,STAT306
S2216,COMP207
S2216,MATH307
S2216,PSYC202
S2216,PSYC206
S2216,PSYC307
S2216,PSYC408
S2216,STAT402
S2217,ECON208
S2217,MATH103
S2217,MATH207
S2217,MATH305
S2217,MATH309
S2217,PHIL104
S2218,PSYC102
S2218,PSYC103
S2218,PSYC204
S2218,PSYC208
S2218,PSYC301
S2218,PSYC304
S2219,COMP204
S2219,COMP205
S2219,COMP305
S2219,COMP308
S2219,COMP406
S2220,COMP104
S2220,MATH106
S2220,MATH203
S2220,MATH204
S2220,MATH207
S2220,PSYC103
S2220,STAT301
S2221,COMP505
S2221,MATH108
S2221,PSYC103
S2221,PSYC106
S2221,PSYC204
S2221,STAT308
S2222,PHIL103
S2222,STAT102
S2222,STAT107
S2222,STAT203
S2222,STAT208
S2223,COMP106
S2223,ECON107
S2223,STAT307
S2223,STAT308
S2223,STAT401
S2223,STAT403
S2223,STAT406
S2224,STAT102
S2224,STAT103
S2224,STAT105
S2224,STAT201
S2225,MATH301
S2225,MATH304
S2225,MATH401
S2225,MATH503
S2225,MATH509
S2225,STAT104
S2225,STAT106
S2226,PHIL103
S2226,PHIL104
S2226,PHIL202
S2226,PHIL207
S2226,PHIL303
S2226,PHIL306
S2227,COMP109
S2227,COMP202
S2227,COMP203
S2227,COMP209
S2228,MATH209
S2228,MATH302
S2228,MATH306
S2228,PHIL201
S2228,STAT105
S2229,COMP106
S2229,MATH101
S2229,PSYC301
S2229,PSYC405
S2229,PSYC506
S2229,PSYC507
S2229,PSYC508
S2230,ECON306
S2230,ECON405
S2230,ECON407
S2230,ECON408
S2230,ECON502
S2230,ECON505
S2230,ECON506
S2231,COMP109
S2231,COMP204
S2231,COMP301
S2231,PHIL101
S2231,PSYC202
S2232,COMP201
S2232,COMP405
S2232,PSYC204
S2232,PSYC207
S2232,PSYC303
S2233,COMP401
S2233,COMP406
S2233,COMP409
S2233,COMP501
S2233,COMP504
S2233,COMP507
S2233,STAT106
S2234,ECON107
S2234,MATH204
S2234,PSYC104
S2234,PSYC204
S2234,STAT506
S2235,COMP101
S2235,COMP104
S2235,COMP204
S2235,PHIL304
S2235,PSYC104
S2235,STAT101
S2236,MATH101
S2236,PHIL101
S2236,PHIL104
S2236,PSYC403
S2236,PSYC405
S2236,PSYC502
S2236,PSYC507
S2237,ECON305
S2237,PHIL201
S2237,PSYC106
S2237,STAT101
S2237,STAT104
S2238,COMP306
S2238,COMP403
S2238,COMP507
S2238,COMP508
S2238,ECON104
S2238,ECON108
S2238,STAT207
S2239,MATH507
S2239,PHIL205
S2239,PSYC105
S2239,PSYC108
S2239,PSYC202
S2239,PSYC203
S2239,STAT202
S2240,COMP306
S2240,COMP309
S2240,COMP405
S2240,COMP407
S2240,PSYC205
S2241,PSYC102
S2241,PSYC104
S2241,PSYC202
S2241,PSYC205
S2241,PSYC206
S2242,COMP308
S2242,COMP309
S2242,COMP402
S2242,PHIL308
S2242,PSYC101
S2243,ECON103
S2243,ECON106
S2243,ECON208
S2244,COMP101
S2244,COMP205
S2244,STAT105
S2244,STAT205
S2244,STAT207
S2245,COMP104
S2245,ECON201
S2245,ECON202
S2245,ECON203
S2245,PHIL107
S2245,PSYC108
S2246,COMP205
S2246,COMP208
S2246,COMP304
S2246,COMP402
S2246,COMP405
S2246,COMP406
S2247,PHIL105
S2247,PHIL106
S2247,PHIL203
S2247,PHIL207
S2248,COMP102
S2248,COMP106
S2248,COMP108
S2248,COMP202
S2248,COMP205
S2248,COMP207
S2248,PHIL305
S2249,PSYC102
S2249,PSYC107
S2249,STAT207
S2249,STAT301
S2249,STAT303
S2249,STAT405
S2249,STAT407
S2250,ECON107
S2250,PHIL303
S2250,PHIL304
S2250,PHIL402
S2250,PHIL404
S2250,PHIL506
S2251,MATH105
S2251,PHIL401
S2251,PHIL408
S2251,PHIL501
S2251,PHIL502
S2251,STAT104
S2252,ECON303
S2252,MATH206
S2252,PHIL106
S2252,STAT102
S2252,STAT104
S2252,STAT105
S2252,STAT208
S2253,COMP104
S2253,COMP203
S2253,ECON401
S2253,MATH204
S2253,STAT103
S2254,COMP203
S2254,COMP205
S2254,ECON107
S2254,ECON202
S2254,ECON207
S2254,ECON305
S2254,ECON306
S2255,COMP206
S2255,PSYC201
S2255,STAT102
S2255,STAT107
S2255,STAT204
S2256,COMP103
S2256,COMP201
S2256,COMP207
S2257,ECON301
S2257,ECON401
S2257,ECON403
S2257,ECON508
S2257,PHIL102
S2257,PHIL204
S2257,STAT104
S2258,MATH106
S2258,PHIL108
S2258,PHIL202
S2258,PHIL203
S2258,PHIL208
S2258,PSYC106
S2259,COMP101
S2259,MATH304
S2259,MATH307
S2259,MATH409
S2259,STAT101
S2260,PHIL101
S2260,PHIL104
S2260,PHIL105
S2260,PHIL202
S2260,PHIL207
S2261,ECON201
S2261,ECON303
S2261,ECON404
S2261,ECON408
S2261,PSYC305
S2262,ECON204
S2262,MATH103
S2262,MATH109
S2262,MATH204
S2262,MATH207
S2262,MATH307
S2262,MATH308
S2263,ECON106
S2263,MATH402
S2263,MATH405
S2263,MATH409
S2263,MATH503
S2263,MATH506
S2263,STAT105
S2264,PSYC201
S2264,PSYC204
S2264,PSYC301
S2264,PSYC302
S2264,PSYC305
S2264,PSYC401
S2265,MATH404
S2265,MATH503
S2265,MATH508
S2266,ECON103
S2266,PSYC103
S2266,PSYC105
S2266,PSYC202
S2266,PSYC203
S2267,PSYC201
S2267,PSYC204
S2267,PSYC306
S2267,PSYC307
S2267,PSYC404
S2267,PSYC408
S2268,COMP108
S2268,COMP205
S2268,PHIL106
S2268,PHIL203
S2268,PSYC305
S2269,PSYC108
S2269,PSYC206
S2269,PSYC303
S2269,PSYC304
S2270,COMP102
S2270,ECON302
S2270,PHIL304
S2270,PSYC303
S2270,PSYC402
S2271,ECON103
S2271,ECON107
S2271,ECON201
S2271,ECON202
S2271,ECON303
S2271,PHIL202
S2272,ECON304
S2272,ECON308
S2272,ECON404
S2272,ECON406
S2272,ECON505
S2272,ECON508
S2272,STAT203
S2273,PSYC301
S2273,PSYC304
S2273,PSYC308
S2273,PSYC404
S2273,PSYC502
S2273,PSYC506
S2273,PSYC507
S2274,COMP103
S2274,COMP106
S2274,COMP108
S2274,COMP206
S2274,COMP209
S2274,MATH102
S2274,MATH107
S2275,MATH108
S2275,PHIL101
S2275,PHIL102
S2275,PHIL104
S2275,PHIL201
S2275,PHIL204
S2275,STAT303
S2276,COMP202
S2276,MATH107
S2276,PHIL204
S2276,PSYC201
S2276,PSYC203
S2277,COMP402
S2277,MATH101
S2277,MATH208
S2277,MATH301
S2277,MATH303
S2278,COMP305
S2278,PSYC104
S2278,PSYC105
S2278,PSYC106
S2278,PSYC201
S2278,PSYC202
S2279,ECON106
S2279,MATH206
S2279,STAT107
S2279,STAT203
S2280,COMP303
S2280,MATH103
S2280,MATH203
S2280,MATH205
S2280,MATH208
S2281,MATH106
S2281,PHIL201
S2281,PSYC102
S2281,PSYC201
S2281,PSYC205
S2282,COMP102
S2282,ECON203
S2282,PHIL107
S2282,PHIL301
S2282,PHIL306
S2282,PHIL308
S2283,ECON206
S2283,STAT101
S2283,STAT105
S2283,STAT202
S2283,STAT203
S2283,STAT206
S2284,ECON107
S2284,ECON203
S2284,ECON206
S2284,ECON303
S2284,ECON308
S2284,PHIL208
S2284,PSYC203
S2285,COMP106
S2285,COMP109
S2285,PSYC205
S2285,STAT106
S2285,STAT108
S2285,STAT206
S2286,COMP106
S2286,ECON407
S2286,PHIL301
S2286,PHIL403
S2286,PHIL407
S2286,PHIL501
S2286,PHIL506
S2287,ECON103
S2287,MATH103
S2287,MATH105
S2287,MATH201
S2287,PHIL207
S2287,PHIL307
S2288,ECON102
S2288,MATH201
S2288,PSYC302
S2288,PSYC305
S2288,PSYC306
S2289,COMP206
S2289,ECON106
S2289,PHIL101
S2289,PSYC104
S2289,PSYC105
S2289,PSYC108
S2289,PSYC204
S2290,ECON207
S2290,ECON306
S2290,ECON402
S2290,ECON406
S2290,MATH203
S2290,STAT206
S2291,MATH107
S2291,PHIL302
S2291,PSYC102
S2291,PSYC106
S2291,PSYC108
S2291,PSYC208
S2292,COMP103
S2292,COMP201
S2292,COMP209
S2292,MATH208
S2292,PHIL106
S2293,COMP101
S2293,COMP105
S2293,COMP107
S2293,COMP208
S2293,PHIL108
S2294,COMP105
S2294,MATH103
S2294,PHIL104
S2294,PSYC403
S2294,PSYC406
S2295,ECON204
S2295,ECON302
S2295,ECON406
S2295,ECON407
S2295,MATH208
S2296,ECON207
S2296,ECON208
S2296,ECON402
S2296,MATH203
S2296,PSYC107
S2297,ECON104
S2297,ECON106
S2297,ECON205
S2297,ECON206
S2298,COMP209
S2298,ECON304
S2298,ECON305
S2298,ECON403
S2298,ECON506
S2298,MATH307
S2299,COMP103
S2299,MATH304
S2299,STAT106
S2299,STAT204
S2299,STAT303
S2300,MATH108
S2300,MATH204
S2300,STAT101
S2300,STAT102
S2300,STAT108
S2300,STAT201
S2300,STAT308
S2301,COMP107
S2301,ECON105
S2301,ECON108
S2301,ECON202
S2301,ECON204
S2301,ECON302
S2301,PHIL105
S2302,ECON107
S2302,ECON108
S2302,ECON202
S2302,ECON204
S2302,ECON206
S2303,COMP202
S2303,PSYC103
S2303,PSYC104
S2303,PSYC202
S2303,PSYC204
S2304,PHIL303
S2304,PSYC301
S2304,PSYC402
S2304,PSYC404
S2304,PSYC406
S2304,PSYC504
S2304,PSYC507
S2305,MATH205
S2305,PSYC206
S2305,PSYC305
S2305,PSYC403
S2305,PSYC407
S2306,PSYC305
S2306,PSYC307
S2306,PSYC405
S2306,PSYC507
S2307,PHIL201
S2307,PHIL202
S2307,PHIL207
S2307,PHIL303
S2307,PHIL403
S2308,MATH302
S2308,MATH305
S2308,MATH308
S2308,MATH406
S2308,MATH502
S2308,MATH506
S2309,ECON103
S2309,PHIL302
S2309,PHIL402
S2309,PHIL403
S2309,PHIL406
S2309,PHIL505
S2309,PSYC107
S2310,COMP203
S2310,COMP304
S2310,COMP401
S2310,MATH106
S2310,MATH107
S2310,PSYC207
S2311,COMP304
S2311,PSYC104
S2311,PSYC106
S2311,PSYC205
S2311,PSYC308
S2312,ECON103
S2312,ECON107
S2312,ECON203
S2312,MATH102
S2312,STAT102
S2313,MATH202
S2313,STAT205
S2313,STAT304
S2313,STAT402
S2313,STAT405
S2313,STAT408
S2314,PHIL201
S2314,PHIL204
S2314,PHIL205
S2314,PHIL404
S2314,STAT108
S2315,PHIL102
S2315,PHIL106
S2315,PHIL108
S2315,PHIL201
S2315,PHIL204
S2316,COMP108
S2316,PSYC101
S2316,PSYC206
S2316,STAT106
S2316,STAT205
S2317,STAT102
S2317,STAT104
S2317,STAT106
S2317,STAT202
S2317,STAT207
S2318,ECON106
S2318,PSYC105
S2318,PSYC107
S2318,PSYC204
S2318,PSYC205
S2318,PSYC307
S2318,STAT106
S2319,COMP101
S2319,COMP108
S2319,COMP109
S2319,ECON101
S2319,ECON205
S2319,PHIL202
S2320,COMP206
S2320,MATH101
S2320,MATH104
S2320,MATH107
S2320,MATH204
S2320,STAT205
S2321,MATH101
S2321,PHIL107
S2321,PSYC107
S2321,PSYC202
S2321,PSYC305
S2322,COMP104
S2322,PHIL204
S2322,PSYC101
S2322,PSYC102
S2322,PSYC108
S2322,PSYC204
S2322,PSYC206
S2323,PSYC401
S2323,PSYC501
S2324,COMP103
S2324,COMP207
S2324,ECON206
S2324,MATH306
S2324,PHIL202
S2325,ECON207
S2325,MATH302
S2325,PHIL103
S2325,PSYC102
S2325,PSYC104
S2325,PSYC106
S2325,PSYC206
S2326,COMP105
S2326,COMP109
S2326,COMP204
S2326,COMP206
S2326,MATH105
S2326,MATH108
S2327,COMP103
S2327,ECON207
S2327,ECON301
S2327,ECON304
S2327,PSYC102
S2328,PHIL105
S2328,PHIL106
S2328,PHIL107
S2328,STAT107
S2328,STAT204
S2329,COMP103
S2329,PSYC208
S2329,STAT303
S2329,STAT304
S2329,STAT305
S2329,STAT403
S2329,STAT406
S2330,ECON104
S2330,MATH105
S2330,STAT404
S2330,STAT503
S2330,STAT504
S2330,STAT505
S2331,MATH301
S2331,MATH306
S2331,MATH401
S2331,MATH402
S2331,MATH502
S2331,PHIL304
S2331,STAT102
S2332,ECON301
S2332,ECON401
S2332,ECON501
S2332,ECON502
S2332,ECON508
S2333,COMP206
S2333,ECON305
S2333,PSYC101
S2333,PSYC106
S2333,PSYC108
S2333,PSYC206
S2334,PHIL107
S2334,PSYC202
S2334,STAT102
S2334,STAT103
S2334,STAT201
S2335,COMP102
S2335,COMP108
S2335,COMP204
S2335,COMP208
S2336,PSYC202
S2336,PSYC305
S2336,PSYC405
S2336,STAT102
S2336,STAT107
S2337,COMP101
S2337,COMP106
S2337,COMP109
S2337,COMP201
S2337,COMP205
S2337,COMP207
S2338,COMP302
S2338,ECON203
S2338,PSYC304
S2338,PSYC308
S2338,PSYC406
S2338,PSYC501
S2338,PSYC508
S2339,MATH302
S2339,MATH306
S2339,MATH401
S2339,MATH406
S2339,MATH409
S2340,COMP105
S2340,ECON101
S2340,ECON106
S2340,ECON107
S2340,ECON203
S2340,STAT101
S2341,MATH302
S2341,MATH303
S2341,MATH308
S2341,MATH403
S2341,MATH404
S2342,COMP106
S2342,COMP203
S2342,COMP305
S2342,PHIL301
S2342,PSYC204
S2343,ECON208
S2343,ECON305
S2343,ECON404
S2343,MATH103
S2343,PSYC102
S2343,STAT108
S2344,MATH108
S2344,STAT105
S2344,STAT204
S2344,STAT207
S2344,STAT301
S2344,STAT308
S2345,MATH304
S2345,MATH305
S2345,MATH404
S2345,MATH405
S2345,MATH409
S2346,MATH201
S2346,MATH303
S2346,MATH304
S2346,MATH403
S2346,MATH409
S2346,PHIL106
S2347,COMP305
S2347,COMP307
S2347,COMP407
S2347,COMP502
S2347,ECON107
S2347,STAT108
S2348,COMP108
S2348,COMP202
S2348,COMP204
S2348,COMP306
S2348,ECON208
S2348,PHIL308
S2348,PSYC107
S2349,COMP206
S2349,COMP208
S2349,COMP307
S2349,COMP309
S2349,COMP405
S2349,COMP408
S2350,ECON302
S2350,ECON308
S2350,STAT107
S2350,STAT108
S2350,STAT201
S2350,STAT208
S2351,PSYC206
S2351,PSYC301
S2351,PSYC305
S2351,PSYC306
S2351,PSYC407
S2352,MATH401
S2352,MATH409
S2352,MATH502
S2352,MATH503
S2352,MATH506
S2352,STAT106
S2353,ECON207
S2353,MATH206
S2353,MATH306
S2353,MATH307
S2353,MATH408
S2353,MATH409
S2353,STAT205
S2354,ECON103
S2354,ECON104
S2354,ECON106
S2354,ECON201
S2355,ECON401
S2355,STAT204
S2355,STAT205
S2355,STAT206
S2355,STAT304
S2355,STAT404
S2355,STAT406
S2356,ECON107
S2356,MATH301
S2356,PSYC106
S2356,PSYC204
S2356,PSYC206
S2356,PSYC207
S2357,MATH302
S2357,PHIL105
S2357,STAT306
S2357,STAT407
S2357,STAT501
S2357,STAT502
S2357,STAT507
S2358,COMP107
S2358,COMP303
S2358,ECON301
S2358,ECON401
S2358,ECON407
S2358,ECON501
S2358,ECON503
S2359,PHIL201
S2359,PHIL308
S2359,PSYC302
S2359,STAT103
S2359,STAT105
S2359,STAT205
S2359,STAT206
S2360,COMP103
S2360,COMP202
S2360,COMP204
S2360,COMP207
S2360,PHIL208
S2360,STAT202
S2361,ECON107
S2361,MATH108
S2361,PSYC101
S2361,PSYC103
S2361,PSYC201
S2361,PSYC304
S2361,PSYC306
S2362,ECON105
S2362,MATH202
S2362,PSYC208
S2362,STAT107
S2362,STAT204
S2362,STAT207
S2363,ECON102
S2363,ECON201
S2363,ECON204
S2363,ECON301
S2363,ECON307
S2364,ECON101
S2364,ECON102
S2364,ECON104
S2364,ECON207
S2364,ECON304
S2364,MATH306
S2364,PSYC101
S2365,ECON303
S2365,ECON307
S2365,ECON404
S2365,ECON406
S2365,STAT201
S2366,COMP309
S2366,COMP406
S2366,COMP407
S2366,COMP501
S2366,COMP504
S2366,ECON207
S2366,PSYC102
S2367,STAT106
S2367,STAT107
S2367,STAT202
S2368,COMP202
S2368,ECON106
S2368,ECON304
S2368,ECON307
S2368,PSYC105
S2369,PHIL108
S2369,PHIL204
S2369,PHIL208
S2369,PHIL303
S2369,PHIL306
S2369,PHIL307
S2369,STAT105
S2370,PHIL101
S2370,PHIL106
S2370,PHIL204
S2370,PHIL208
S2371,COMP308
S2371,ECON107
S2371,PSYC203
S2371,STAT101
S2371,STAT203
S2372,ECON203
S2372,MATH104
S2372,MATH202
S2372,MATH207
S2372,PHIL308
S2373,MATH207
S2373,PHIL206
S2373,PHIL302
S2373,PHIL307
S2373,PHIL308
S2373,PHIL406
S2373,PSYC104
S2374,MATH306
S2374,PSYC105
S2374,PSYC201
S2374,PSYC204
S2374,PSYC206
S2374,STAT401
S2375,STAT102
S2375,STAT103
S2375,STAT105
S2375,STAT205
S2376,COMP101
S2376,MATH101
S2376,MATH202
S2376,MATH205
S2376,STAT106
S2377,MATH107
S2377,PHIL308
S2377,STAT308
S2377,STAT407
S2377,STAT502
S2377,STAT504
S2377,STAT505
S2378,PSYC205
S2378,PSYC208
S2378,PSYC301
S2378,PSYC303
S2378,PSYC401
S2378,PSYC402
S2378,PSYC404
S2379,COMP208
S2379,STAT202
S2379,STAT208
S2379,STAT301
S2379,STAT302
S2379,STAT403
S2380,COMP107
S2380,COMP206
S2380,ECON102
S2380,PHIL105
S2380,PHIL201
S2380,PHIL304
S2380,PHIL306
S2381,COMP102
S2381,ECON105
S2381,ECON201
S2381,ECON203
S2381,ECON204
S2381,ECON305
S2381,ECON308
S2382,PHIL208
S2382,PHIL307
S2382,PHIL404
S2382,STAT103
S2382,STAT302
S2383,COMP103
S2383,COMP106
S2383,MATH503
S2383,PHIL105
S2383,PHIL203
S2383,PHIL205
S2383,PHIL207
S2384,COMP406
S2384,COMP409
S2384,COMP502
S2384,ECON105
S2384,PHIL104
S2385,MATH105
S2385,MATH206
S2385,PSYC104
S2385,STAT203
S2385,STAT305
S2385,STAT404
S2386,COMP107
S2386,PHIL104
S2386,PHIL308
S2386,STAT302
S2386,STAT304
S2387,MATH104
S2387,PSYC202
S2387,PSYC208
S2387,PSYC302
S2387,PSYC304
S2387,PSYC308
S2388,COMP102
S2388,COMP202
S2388,COMP205
S2388,ECON107
S2388,STAT103
S2389,MATH103
S2389,PHIL205
S2389,PHIL303
S2389,PHIL307
S2389,PHIL403
S2389,PHIL405
S2390,COMP107
S2390,ECON108
S2390,PSYC107
S2390,PSYC203
S2390,PSYC206
S2391,ECON301
S2391,ECON306
S2391,ECON401
S2391,ECON407
S2391,ECON506
S2391,ECON507
S2391,STAT208
S2392,ECON403
S2392,PHIL108
S2392,PSYC105
S2392,PSYC107
S2392,PSYC205
S2393,MATH104
S2393,PSYC202
S2393,PSYC207
S2393,PSYC301
S2393,STAT103
S2394,COMP402
S2394,COMP406
S2394,COMP408
S2394,COMP502
S2394,COMP504
S2394,ECON401
S2394,STAT207
S2395,ECON107
S2395,MATH102
S2395,MATH108
S2395,MATH203
S2395,MATH309
S2395,PHIL308
S2395,PSYC102
S2396,PHIL102
S2396,PHIL107
S2396,PHIL206
S2396,PHIL207
S2396,PHIL308
S2396,PSYC101
S2396,STAT102
S2397,ECON205
S2397,ECON206
S2397,ECON302
S2397,ECON306
S2397,ECON308
S2397,PHIL108
S2398,ECON106
S2398,MATH109
S2398,PHIL108
S2398,PHIL201
S2399,ECON206
S2399,PHIL102
S2399,STAT102
S2399,STAT207
S2399,STAT208
S2399,STAT305
S2399,STAT308
S2400,ECON104
S2400,ECON105
S2400,ECON106
S2400,PHIL108
S2400,STAT406
S2401,PSYC103
S2401,PSYC107
S2401,PSYC202
S2401,PSYC204
S2401,PSYC207
S2402,COMP203
S2402,ECON208
S2402,PHIL102
S2402,PSYC101
S2402,PSYC102
S2402,PSYC105
S2402,PSYC208
S2403,PHIL405
S2403,PSYC201
S2403,PSYC202
S2403,PSYC302
S2403,PSYC307
S2404,ECON302
S2404,ECON306
S2404,ECON404
S2404,ECON505
S2405,COMP306
S2405,COMP401
S2405,COMP407
S2405,MATH203
S2405,PHIL104
S2405,PHIL304
S2406,MATH202
S2406,MATH203
S2406,MATH205
S2406,MATH302
S2406,PHIL101
S2407,PSYC102
S2407,PSYC105
S2407,PSYC108
S2407,PSYC201
S2407,PSYC203
S2407,PSYC208
S2408,ECON308
S2408,MATH306
S2408,MATH309
S2408,MATH403
S2408,PHIL101
S2409,COMP308
S2409,MATH409
S2409,STAT301
S2409,STAT306
S2409,STAT401
S2409,STAT502
S2409,STAT508
S2410,ECON203
S2410,ECON303
S2410,ECON306
S2410,ECON307
S2410,ECON405
S2410,PHIL108
S2410,PSYC108
S2411,COMP101
S2411,COMP307
S2411,MATH105
S2411,PSYC205
S2411,PSYC308
S2411,PSYC407
S2412,MATH304
S2412,PHIL303
S2412,PHIL403
S2412,PHIL408
S2412,PHIL504
S2412,STAT304
S2413,COMP102
S2413,COMP203
S2413,COMP204
S2413,PHIL102
S2413,STAT207
S2414,COMP106
S2414,MATH208
S2414,MATH404
S2414,MATH407
S2414,MATH408
S2414,PSYC103
S2415,ECON107
S2415,MATH106
S2415,MATH202
S2415,MATH206
S2415,MATH209
S2415,PSYC202
S2415,STAT203
S2416,COMP404
S2416,COMP506
S2416,COMP507
S2416,ECON208
S2416,MATH105
S2417,PSYC306
S2417,PSYC403
S2417,PSYC406
S2417,STAT105
S2417,STAT107
S2418,MATH104
S2418,PHIL103
S2418,PSYC403
S2418,PSYC408
S2418,PSYC504
S2419,ECON101
S2419,ECON103
S2419,ECON301
S2419,ECON306
S2419,PHIL106
S2419,STAT108
S2420,COMP104
S2420,ECON204
S2420,PSYC105
S2420,PSYC207
S2421,PSYC105
S2421,PSYC201
S2421,PSYC305
S2421,PSYC306
S2421,PSYC307
S2422,MATH103
S2422,MATH104
S2422,MATH109
S2422,MATH201
S2422,MATH305
S2422,MATH308
S2422,MATH309
S2423,COMP107
S2423,MATH202
S2423,STAT202
S2423,STAT306
S2423,STAT407
S2423,STAT408
S2424,COMP104
S2424,COMP202
S2424,COMP208
S2424,PSYC105
S2424,STAT104
S2425,COMP102
S2425,ECON101
S2425,ECON207
S2425,ECON208
S2425,ECON306
S2425,MATH408
S2426,COMP106
S2426,COMP108
S2426,COMP207
S2426,COMP306
S2426,PSYC202
S2426,STAT303
S2427,COMP101
S2427,COMP102
S2427,COMP206
S2427,COMP304
S2427,COMP305
S2427,COMP309
S2428,COMP101
S2428,COMP104
S2428,COMP201
S2428,COMP205
S2428,STAT108
S2429,MATH303
S2429,PHIL308
S2429,PSYC207
S2429,PSYC302
S2429,PSYC305
S2430,STAT101
S2430,STAT203
S2430,STAT204
S2431,PSYC307
S2431,STAT106
S2431,STAT203
S2431,STAT302
S2431,STAT304
S2431,STAT307
S2432,ECON107
S2432,PHIL106
S2432,PHIL201
S2432,PHIL204
S2432,PHIL304
S2432,PHIL305
S2432,PSYC308
S2433,PSYC104
S2433,PSYC106
S2433,PSYC201
S2433,PSYC301
S2433,PSYC302
S2433,PSYC304
S2434,ECON405
S2434,ECON508
S2434,PHIL202
S2434,PSYC304
S2435,COMP302
S2435,COMP303
S2435,COMP306
S2435,COMP404
S2435,COMP407
S2435,COMP502
S2435,COMP505
S2436,MATH303
S2436,PSYC101
S2436,PSYC105
S2436,PSYC204
S2436,PSYC206
S2436,PSYC207
S2436,STAT104
S2437,ECON102
S2437,MATH102
S2437,MATH209
S2437,PHIL106
S2437,PSYC101
S2438,STAT101
S2438,STAT103
S2438,STAT108
S2438,STAT201
S2438,STAT205
S2439,COMP206
S2439,COMP208
S2439,COMP301
S2439,COMP302
S2439,COMP309
S2439,STAT101
S2440,ECON107
S2440,PHIL103
S2440,PHIL201
S2440,PHIL206
S2440,PHIL306
S2440,STAT205
S2441,MATH105
S2441,MATH106
S2441,MATH204
S2441,MATH206
S2442,MATH307
S2442,PHIL306
S2442,PHIL307
S2442,PHIL503
S2442,PHIL505
S2443,PHIL103
S2443,PHIL201
S2443,PHIL207
S2443,PSYC304
S2443,STAT204
S2444,COMP104
S2444,MATH105
S2444,PHIL104
S2444,PHIL205
S2444,PHIL206
S2445,ECON206
S2445,MATH103
S2445,PSYC202
S2445,STAT103
S2445,STAT206
S2445,STAT208
S2446,MATH106
S2446,MATH201
S2446,MATH208
S2447,PHIL106
S2447,PSYC104
S2447,STAT302
S2447,STAT307
S2447,STAT407
S2447,STAT408
S2447,STAT506
S2448,ECON302
S2448,MATH403
S2448,MATH508
S2448,PHIL103
S2448,STAT404
S2449,ECON107
S2449,ECON206
S2449,ECON207
S2449,ECON208
S2449,MATH202
S2450,ECON206
S2450,PHIL105
S2450,PHIL107
S2450,PHIL202
S2451,COMP302
S2451,ECON106
S2451,ECON201
S2451,ECON207
S2451,ECON208
S2451,PHIL304
S2452,PSYC201
S2452,STAT101
S2452,STAT104
S2452,STAT202
S2452,STAT207
S2453,PSYC405
S2453,PSYC406
S2453,PSYC407
S2453,PSYC502
S2453,PSYC505
S2453,PSYC507
S2454,ECON205
S2454,MATH208
S2454,PHIL101
S2454,PHIL103
S2454,PHIL104
S2454,PHIL308
S2454,PSYC108
S2455,COMP206
S2455,COMP306
S2455,COMP307
S2455,COMP308
S2455,COMP403
S2455,PHIL106
S2455,STAT307
S2456,MATH109
S2456,MATH205
S2456,MATH209
S2456,MATH306
S2457,COMP103
S2457,COMP104
S2457,COMP105
S2457,COMP202
S2457,COMP206
S2457,STAT206
S2458,MATH102
S2458,STAT101
S2458,STAT205
S2458,STAT206
S2458,STAT301
S2458,STAT308
S2459,COMP101
S2459,COMP102
S2459,COMP201
S2459,COMP203
S2459,COMP209
S2459,MATH108
S2459,PHIL106
S2460,COMP302
S2460,COMP405
S2460,COMP407
S2460,ECON203
S2460,STAT107
S2461,STAT101
S2461,STAT104
S2461,STAT201
S2461,STAT205
S2462,COMP303
S2462,COMP307
S2462,COMP406
S2462,COMP506
S2462,PHIL103
S2462,PHIL303
S2463,COMP103
S2463,ECON307
S2463,ECON402
S2463,MATH103
S2463,STAT202
S2464,COMP201
S2464,COMP202
S2464,COMP204
S2464,COMP308
S2464,COMP408
S2464,ECON208
S2464,MATH204
S2465,ECON202
S2465,MATH109
S2465,MATH202
S2465,MATH205
S2465,MATH303
S2465,PHIL103
S2466,MATH104
S2466,PHIL102
S2466,PHIL104
S2466,PHIL207
S2466,PHIL208
S2466,STAT404
S2467,MATH302
S2467,PHIL301
S2467,PHIL303
S2467,PHIL406
S2467,PHIL508
S2467,PSYC106
S2467,STAT205
S2468,MATH102
S2468,MATH103
S2468,MATH109
S2468,MATH202
S2468,MATH208
S2468,PHIL107
S2468,PSYC101
S2469,ECON105
S2469,MATH203
S2469,MATH306
S2469,MATH307
S2469,MATH308
S2469,PSYC104
S2470,ECON206
S2470,ECON301
S2470,ECON308
S2470,ECON405
S2470,ECON406
S2470,PHIL204
S2471,ECON104
S2471,ECON108
S2471,ECON201
S2471,ECON205
S2471,ECON208
S2472,COMP104
S2472,COMP304
S2472,MATH102
S2472,MATH103
S2472,MATH109
S2472,MATH205
S2473,COMP101
S2473,COMP201
S2473,PHIL102
S2473,PSYC102
S2473,PSYC108
S2473,PSYC204
S2473,PSYC207
S2474,PHIL305
S2474,STAT102
S2474,STAT107
S2474,STAT108
S2474,STAT206
S2475,MATH109
S2475,MATH302
S2475,MATH308
S2475,MATH309
S2475,PHIL106
S2476,MATH301
S2476,MATH406
S2476,MATH503
S2476,MATH507
S2476,PHIL104
S2476,PHIL202
S2477,PHIL204
S2477,PHIL301
S2477,PHIL302
S2477,PHIL402
S2477,PHIL406
S2477,PSYC102
S2477,STAT103
S2478,ECON302
S2478,MATH105
S2478,MATH109
S2478,MATH204
S2478,PSYC307
S2479,PSYC104
S2479,STAT208
S2479,STAT301
S2479,STAT303
S2479,STAT406
S2480,ECON104
S2480,STAT107
S2480,STAT108
S2480,STAT203
S2480,STAT307
S2481,COMP103
S2481,MATH104
S2481,PSYC307
S2481,PSYC402
S2481,PSYC507
S2482,STAT108
S2482,STAT202
S2482,STAT203
S2482,STAT208
S2483,COMP409
S2483,COMP501
S2483,ECON207
S2483,MATH304
S2483,STAT102
S2484,ECON104
S2484,MATH102
S2484,MATH105
S2484,MATH202
S2484,MATH207
S2484,MATH303
S2484,PHIL202
S2485,COMP101
S2485,COMP106
S2485,COMP108
S2485,COMP205
S2485,COMP209
S2486,COMP108
S2486,COMP204
S2486,COMP205
S2486,COMP208
S2487,ECON302
S2487,ECON404
S2487,ECON503
S2487,MATH102
S2487,PHIL107
S2487,STAT206
S2488,MATH306
S2488,MATH404
S2488,MATH501
S2488,MATH505
S2488,PHIL201
S2488,PSYC408
S2488,STAT108
S2489,PHIL101
S2489,PHIL105
S2489,PHIL207
S2489,PHIL208
S2489,PHIL305
S2489,STAT106
S2490,COMP103
S2490,COMP106
S2490,COMP201
S2490,COMP205
S2490,COMP303
S2490,COMP307
S2490,PSYC106
S2491,ECON102
S2491,ECON106
S2491,ECON108
S2491,ECON202
S2491,ECON207
S2492,PHIL303
S2492,PSYC104
S2492,PSYC203
S2492,STAT101
S2492,STAT104
S2493,PSYC108
S2493,STAT303
S2493,STAT305
S2493,STAT306
S2493,STAT504
S2494,MATH309
S2494,PHIL201
S2494,PHIL204
S2494,PHIL208
S2494,PSYC206
S2494,PSYC207
S2495,MATH102
S2495,PHIL301
S2495,PHIL302
S2495,PHIL404
S2495,PHIL408
S2496,COMP203
S2496,COMP306
S2496,PSYC303
S2496,PSYC405
S2496,PSYC408
S2497,PHIL101
S2497,PHIL103
S2497,PHIL108
S2497,PHIL202
S2497,PHIL203
S2497,PHIL305
S2497,PSYC102
S2498,MATH107
S2498,PSYC104
S2498,PSYC108
S2498,PSYC202
S2498,PSYC306
S2498,STAT208
S2499,PHIL101
S2499,PHIL301
S2499,PHIL307
S2499,PHIL308
S2499,PSYC104
S2500,PHIL106
S2500,PHIL202
S2500,PHIL203
S2500,PSYC207
S2500,STAT103
S2501,COMP202
S2501,COMP206
S2501,COMP209
S2501,COMP303
S2501,COMP401
S2501,COMP407
S2502,MATH105
S2502,MATH208
S2502,MATH303
S2502,MATH307
S2502,MATH309
S2502,PHIL101
S2503,ECON101
S2503,ECON107
S2503,ECON108
S2503,ECON206
S2504,COMP106
S2504,ECON206
S2504,PSYC202
S2504,PSYC304
S2504,PSYC407
S2505,PHIL205
S2505,PHIL206
S2505,PHIL306
S2505,PHIL407
S2506,COMP203
S2506,PSYC106
S2506,PSYC108
S2506,PSYC202
S2506,STAT104
S2507,ECON104
S2507,ECON105
S2507,ECON107
S2507,ECON208
S2507,ECON302
S2507,ECON304
S2508,COMP403
S2508,MATH101
S2508,MATH103
S2508,MATH204
S2508,PSYC301
S2509,COMP102
S2509,COMP201
S2509,COMP205
S2509,COMP307
S2509,COMP308
S2509,PSYC104
S2509,PSYC308
S2510,COMP103
S2510,COMP108
S2510,PHIL105
S2510,PSYC201
S2510,PSYC203
S2510,PSYC207
S2510,PSYC305
S2511,STAT304
S2511,STAT405
S2511,STAT407
S2511,STAT501
S2511,STAT503
S2511,STAT508
S2512,ECON104
S2512,STAT102
S2512,STAT203
S2512,STAT307
S2512,STAT308
S2513,ECON102
S2513,ECON103
S2513,ECON201
S2513,ECON205
S2513,ECON206
S2514,ECON108
S2514,ECON205
S2514,ECON207
S2514,ECON304
S2514,PSYC102
S2514,STAT101
S2515,ECON305
S2515,MATH102
S2515,MATH203
S2515,MATH305
S2515,MATH306
S2515,PHIL202
S2515,PSYC304
S2516,PHIL202
S2516,PHIL205
S2516,PHIL302
S2516,PHIL401
S2516,PHIL407
S2516,STAT208
S2517,COMP106
S2517,COMP202
S2517,MATH101
S2517,PSYC406
S2517,PSYC503
S2517,PSYC506
S2518,PHIL205
S2518,PSYC101
S2518,STAT107
S2518,STAT208
S2518,STAT308
S2519,ECON105
S2519,PSYC207
S2519,PSYC301
S2519,PSYC304
S2519,PSYC308
S2520,MATH203
S2520,MATH206
S2520,MATH303
S2520,PSYC105
S2520,STAT208
S2521,COMP209
S2521,ECON107
S2521,PHIL101
S2521,PHIL103
S2521,PHIL205
S2521,PHIL308
S2522,MATH107
S2522,PSYC104
S2522,PSYC105
S2522,PSYC108
S2522,PSYC206
S2523,COMP108
S2523,COMP203
S2523,COMP204
S2523,ECON104
S2523,PHIL204
S2524,PHIL203
S2524,PSYC204
S2524,STAT302
S2524,STAT304
S2524,STAT403
S2524,STAT503
S2525,PHIL101
S2525,PHIL108
S2525,PHIL203
S2525,PHIL205
S2525,PHIL304
S2525,STAT102
S2526,ECON102
S2526,ECON104
S2526,ECON107
S2526,ECON205
S2526,ECON304
S2527,MATH104
S2527,PHIL102
S2527,PHIL107
S2527,PSYC107
S2527,PSYC206
S2528,ECON104
S2528,MATH107
S2528,MATH202
S2528,MATH203
S2528,MATH302
S2528,MATH304
S2528,PSYC102
S2529,PHIL204
S2529,PHIL206
S2529,PHIL302
S2529,PHIL405
S2529,PHIL406
S2530,COMP103
S2530,PHIL102
S2530,PSYC101
S2530,PSYC103
S2530,PSYC108
S2531,PHIL301
S2531,PHIL302
S2531,PHIL308
S2531,PHIL401
S2531,PHIL405
S2531,PHIL503
S2532,PHIL103
S2532,PHIL107
S2532,PHIL206
S2532,PHIL208
S2532,PHIL302
S2532,PHIL307
S2532,PSYC105
S2533,ECON105
S2533,PHIL202
S2533,PHIL203
S2533,PHIL306
S2533,PSYC302
S2533,STAT101
S2534,MATH107
S2534,PSYC101
S2534,STAT104
S2534,STAT202
S2534,STAT205
S2534,STAT208
S2535,MATH101
S2535,MATH107
S2535,MATH205
S2535,MATH206
S2535,MATH207
S2535,STAT106
S2536,PSYC307
S2536,PSYC403
S2536,PSYC506
S2537,ECON203
S2537,MATH207
S2537,MATH307
S2537,MATH309
S2537,PSYC107
S2538,MATH109
S2538,MATH206
S2538,MATH207
S2538,MATH309
S2538,PHIL303
S2538,STAT105
S2539,MATH102
S2539,MATH107
S2539,MATH108
S2539,MATH202
S2539,MATH207
S2539,MATH208
S2540,MATH105
S2540,PHIL104
S2540,STAT106
S2540,STAT202
S2541,COMP401
S2541,PHIL302
S2541,STAT301
S2541,STAT302
S2541,STAT405
S2541,STAT501
S2542,PHIL408
S2542,PSYC101
S2542,PSYC303
S2542,STAT306
S2542,STAT408
S2542,STAT507
S2543,MATH205
S2543,STAT104
S2543,STAT201
S2543,STAT206
S2543,STAT208
S2544,COMP303
S2544,MATH103
S2544,PHIL108
S2544,PHIL201
S2544,PHIL205
S2544,PHIL207
S2545,PSYC403
S2545,PSYC507
S2546,ECON204
S2546,ECON208
S2546,ECON307
S2546,ECON405
S2546,PSYC107
S2546,STAT202
S2547,ECON106
S2547,MATH104
S2547,PHIL102
S2547,STAT407
S2547,STAT508
S2548,COMP107
S2548,COMP206
S2548,COMP209
S2548,STAT103
S2548,STAT107
S2548,STAT503
S2549,ECON303
S2549,ECON305
S2549,ECON307
S2549,ECON401
S2549,ECON408
S2549,PHIL306
S2549,PSYC308
S2550,COMP104
S2550,COMP108
S2550,COMP203
S2550,STAT106
S2550,STAT206
S2551,COMP209
S2551,ECON104
S2551,PHIL202
S2551,STAT201
S2551,STAT301
S2552,ECON103
S2552,ECON206
S2552,ECON207
S2552,STAT102
S2552,STAT203
S2553,MATH304
S2553,MATH307
S2553,MATH408
S2553,MATH505
S2554,STAT203
S2554,STAT204
S2554,STAT208
S2554,STAT302
S2554,STAT402
S2554,STAT404
S2554,STAT405
S2555,PSYC103
S2555,PSYC104
S2555,PSYC105
S2555,PSYC203
S2555,PSYC208
S2556,COMP106
S2556,ECON205
S2556,PHIL107
S2556,STAT101
S2556,STAT103
S2556,STAT106
S2557,ECON302
S2557,PSYC301
S2557,PSYC307
S2557,PSYC405
S2557,STAT105
S2558,MATH301
S2558,MATH309
S2558,MATH402
S2558,MATH408
S2558,MATH508
S2559,COMP105
S2559,COMP109
S2559,COMP201
S2559,COMP203
S2559,COMP208
S2560,COMP102
S2560,COMP104
S2560,COMP109
S2560,COMP203
S2560,COMP207
S2561,ECON205
S2561,MATH302
S2561,PSYC105
S2561,PSYC202
S2562,MATH109
S2562,STAT103
S2562,STAT106
S2562,STAT107
S2562,STAT201
S2563,COMP303
S2563,COMP307
S2563,COMP308
S2563,COMP405
S2563,COMP508
S2564,ECON201
S2564,ECON301
S2564,ECON303
S2564,ECON401
S2564,ECON402
S2564,MATH103
S2565,COMP207
S2565,PHIL207
S2565,PSYC306
S2565,STAT105
S2565,STAT204
S2566,ECON305
S2566,ECON403
S2566,ECON501
S2566,ECON505
S2566,PHIL201
S2566,STAT201
S2567,COMP102
S2567,COMP106
S2567,COMP203
S2567,MATH105
S2567,STAT104
S2568,ECON107
S2568,MATH103
S2568,MATH206
S2568,PSYC101
S2568,PSYC105
S2569,MATH108
S2569,MATH304
S2569,PHIL108
S2569,PSYC301
S2569,PSYC306
S2569,PSYC403
S2569,PSYC406
S2570,COMP102
S2570,COMP203
S2570,PHIL105
S2570,PSYC404
S2570,PSYC407
S2570,PSYC504
S2571,ECON106
S2571,MATH203
S2571,MATH302
S2571,MATH304
S2571,MATH405
S2571,PHIL208
S2571,STAT108
S2572,COMP107
S2572,ECON102
S2572,ECON108
S2572,ECON208
S2572,PHIL201
S2573,PSYC105
S2573,PSYC106
S2573,PSYC108
S2573,PSYC201
S2573,PSYC202
S2573,PSYC204
S2574,COMP102
S2574,ECON303
S2574,PHIL301
S2574,PHIL304
S2574,PHIL308
S2574,PHIL401
S2575,PHIL107
S2575,PHIL201
S2575,PHIL207
S2575,PHIL306
S2575,PHIL308
S2575,STAT102
S2576,PSYC103
S2576,PSYC105
S2576,PSYC202
S2576,PSYC205
S2577,COMP101
S2577,ECON208
S2577,ECON302
S2577,ECON403
S2577,PSYC101
S2578,COMP101
S2578,COMP404
S2578,STAT202
S2578,STAT203
S2578,STAT205
S2579,ECON108
S2579,ECON205
S2579,ECON305
S2579,ECON306
S2579,MATH101
S2579,MATH109
S2580,COMP107
S2580,MATH207
S2580,MATH305
S2580,MATH306
S2580,MATH309
S2581,ECON106
S2581,STAT201
S2581,STAT202
S2581,STAT205
S2581,STAT303
S2581,STAT306
S2581,STAT406
S2582,PSYC102
S2582,PSYC108
S2582,PSYC201
S2582,PSYC202
S2582,PSYC208
S2583,MATH209
S2583,PHIL208
S2583,PSYC307
S2583,PSYC405
S2583,PSYC408
S2584,COMP403
S2584,COMP404
S2584,COMP407
S2584,COMP506
S2584,STAT403
S2585,COMP302
S2585,ECON207
S2585,STAT102
S2585,STAT204
S2585,STAT205
S2586,PSYC301
S2586,PSYC403
S2586,PSYC404
S2586,PSYC502
S2586,PSYC505
S2586,PSYC508
S2587,MATH105
S2587,MATH204
S2587,PHIL302
S2587,PHIL402
S2587,PHIL403
S2587,PHIL408
S2587,PHIL502
S2588,MATH401
S2588,MATH402
S2588,MATH502
S2588,MATH503
S2588,MATH505
S2589,ECON206
S2589,ECON301
S2589,ECON306
S2589,ECON407
S2589,PSYC101
S2589,STAT102
S2590,COMP102
S2590,COMP109
S2590,COMP205
S2590,ECON301
S2590,PHIL102
S2590,STAT207
S2591,PSYC203
S2591,PSYC204
S2591,PSYC207
S2591,PSYC303
S2591,PSYC308
S2591,STAT106
S2592,MATH106
S2592,MATH109
S2592,MATH204
S2592,MATH208
S2592,MATH301
S2592,MATH305
S2592,MATH306
S2593,ECON104
S2593,MATH103
S2593,STAT305
S2593,STAT406
S2593,STAT504
S2593,STAT507
S2594,COMP208
S2594,MATH109
S2594,STAT102
S2594,STAT105
S2594,STAT202
S2594,STAT204
S2594,STAT205
S2595,MATH406
S2595,MATH501
S2595,MATH508
S2595,PSYC102
S2595,PSYC108
S2596,COMP207
S2596,COMP306
S2596,COMP407
S2597,ECON208
S2597,ECON307
S2597,ECON405
S2597,MATH102
S2597,PSYC106
S2598,COMP101
S2598,ECON206
S2598,PSYC104
S2598,PSYC106
S2598,PSYC204
S2599,MATH103
S2599,MATH203
S2599,MATH208
S2599,MATH302
S2599,MATH303
S2599,MATH306
S2600,PSYC204
S2600,PSYC302
S2600,PSYC307
S2600,PSYC308
S2600,PSYC406
S2601,COMP104
S2601,ECON103
S2601,PHIL101
S2601,PHIL102
S2601,PHIL206
S2602,MATH206
S2602,PHIL106
S2602,PHIL201
S2602,PHIL207
S2602,PHIL301
S2602,PSYC101
S2603,PHIL204
S2603,STAT102
S2603,STAT203
S2603,STAT204
S2603,STAT205
S2603,STAT301
S2603,STAT307
S2604,ECON401
S2604,ECON404
S2604,ECON506
S2604,MATH304
S2604,PHIL107
S2605,COMP104
S2605,COMP107
S2605,COMP108
S2605,COMP206
S2605,PSYC302
S2606,COMP202
S2606,ECON105
S2606,ECON107
S2606,ECON202
S2606,ECON203
S2606,ECON205
S2607,STAT102
S2607,STAT105
S2607,STAT201
S2607,STAT203
S2607,STAT208
S2608,COMP309
S2608,COMP401
S2608,COMP509
S2608,PHIL104
S2608,PSYC107
S2609,COMP309
S2609,COMP406
S2609,COMP409
S2609,PSYC201
S2609,STAT107
S2610,ECON203
S2610,ECON305
S2610,ECON306
S2610,ECON401
S2610,ECON406
S2610,ECON408
S2610,MATH105
S2611,COMP209
S2611,MATH202
S2611,MATH303
S2611,MATH401
S2611,MATH405
S2611,MATH407
S2611,PHIL103
S2612,COMP107
S2612,MATH102
S2612,MATH106
S2612,MATH205
S2612,MATH207
S2613,COMP101
S2613,COMP107
S2613,COMP108
S2613,COMP205
S2613,COMP305
S2613,MATH103
S2613,STAT208
S2614,COMP101
S2614,ECON203
S2614,ECON208
S2614,ECON308
S2614,ECON405
S2614,PSYC102
S2615,MATH102
S2615,PHIL201
S2615,PHIL203
S2615,PHIL303
S2615,PHIL308
S2615,PSYC206
S2616,COMP108
S2616,PHIL101
S2616,PHIL208
S2616,PHIL303
S2616,PHIL304
S2616,STAT205
S2617,COMP109
S2617,PSYC306
S2617,STAT302
S2617,STAT303
S2617,STAT401
S2618,MATH106
S2618,PHIL202
S2618,STAT105
S2618,STAT207
S2618,STAT208
S2619,COMP101
S2619,COMP202
S2619,COMP302
S2619,COMP308
S2619,MATH202
S2619,PSYC205
S2620,PHIL204
S2620,PHIL302
S2620,PHIL303
S2620,PHIL305
S2620,PSYC106
S2621,COMP104
S2621,COMP109
S2621,COMP206
S2621,COMP301
S2621,STAT204
S2622,MATH301
S2622,MATH308
S2622,MATH309
S2622,MATH403
S2622,MATH503
S2622,MATH505
S2622,MATH509
S2623,COMP101
S2623,COMP203
S2623,COMP207
S2623,MATH104
S2623,PHIL107
S2623,PSYC102
S2624,COMP306
S2624,ECON103
S2624,ECON203
S2624,ECON303
S2624,ECON306
S2624,ECON308
S2624,PHIL102
S2625,COMP104
S2625,COMP105
S2625,COMP201
S2625,COMP203
S2625,COMP302
S2625,PHIL201
S2625,PSYC105
S2626,COMP104
S2626,PHIL101
S2626,PSYC101
S2626,PSYC201
S2626,PSYC208
S2626,PSYC302
S2626,PSYC307
S2627,ECON403
S2627,ECON405
S2627,ECON508
S2627,MATH104
S2627,MATH303
S2628,ECON301
S2628,ECON308
S2628,ECON406
S2628,ECON502
S2628,ECON503
S2628,ECON506
S2629,MATH106
S2629,MATH207
S2629,MATH208
S2629,MATH209
S2629,MATH306
S2629,MATH307
S2630,ECON106
S2630,MATH103
S2630,MATH108
S2630,MATH206
S2630,STAT305
S2631,PSYC101
S2631,PSYC106
S2631,PSYC107
S2631,PSYC204
S2631,PSYC207
S2631,PSYC208
S2632,ECON103
S2632,ECON106
S2632,ECON205
S2632,MATH101
S2632,PSYC101
S2632,STAT306
S2633,COMP202
S2633,MATH405
S2633,MATH409
S2633,MATH508
S2633,MATH509
S2633,STAT305
S2634,COMP301
S2634,ECON305
S2634,PSYC102
S2634,PSYC201
S2634,PSYC206
S2634,PSYC207
S2634,STAT103
S2635,MATH106
S2635,MATH108
S2635,MATH109
S2635,MATH203
S2635,MATH205
S2635,MATH207
S2635,MATH303
S2636,COMP101
S2636,MATH404
S2636,STAT102
S2636,STAT104
S2636,STAT107
S2637,MATH106
S2637,STAT202
S2637,STAT304
S2637,STAT306
S2637,STAT408
S2638,MATH104
S2638,MATH107
S2638,MATH203
S2638,MATH303
S2638,MATH306
S2638,MATH309
S2639,ECON104
S2639,PHIL405
S2639,PHIL505
S2639,PHIL506
S2639,PHIL507
S2639,PSYC107
S2640,STAT304
S2640,STAT403
S2640,STAT406
S2640,STAT407
S2640,STAT503
S2641,COMP204
S2641,COMP305
S2641,COMP403
S2641,COMP407
S2641,PHIL202
S2641,STAT103
S2642,COMP103
S2642,MATH201
S2642,MATH203
S2642,MATH301
S2642,MATH302
S2642,MATH402
S2642,PSYC108
S2643,COMP106
S2643,ECON107
S2643,STAT101
S2643,STAT104
S2643,STAT203
S2644,ECON103
S2644,MATH202
S2644,PSYC104
S2644,PSYC301
S2644,PSYC302
S2644,PSYC308
S2645,COMP108
S2645,COMP202
S2645,COMP206
S2645,COMP209
S2645,ECON208
S2645,STAT206
S2646,COMP501
S2646,PSYC206
S2646,STAT301
S2646,STAT306
S2646,STAT404
S2646,STAT507
S2646,STAT508
S2647,PSYC101
S2647,PSYC103
S2647,PSYC204
S2647,PSYC303
S2648,ECON306
S2648,MATH103
S2648,PSYC103
S2648,PSYC104
S2648,PSYC208
S2648,PSYC304
S2648,PSYC307
S2649,ECON106
S2649,PHIL107
S2649,STAT204
S2649,STAT306
S2649,STAT402
S2650,ECON205
S2650,PSYC104
S2650,PSYC107
S2650,PSYC202
S2650,STAT202
S2651,ECON105
S2651,PHIL205
S2651,STAT302
S2651,STAT307
S2651,STAT401
S2651,STAT402
S2651,STAT503
S2652,STAT104
S2652,STAT107
S2652,STAT108
S2652,STAT201
S2652,STAT202
S2652,STAT208
S2653,COMP104
S2653,COMP204
S2653,ECON101
S2653,ECON103
S2653,PSYC202
S2654,COMP105
S2654,MATH402
S2654,MATH408
S2654,STAT106
S2654,STAT107
S2655,ECON104
S2655,PHIL107
S2655,PSYC104
S2655,STAT106
S2655,STAT203
S2656,COMP301
S2656,COMP407
S2656,MATH107
S2656,STAT104
S2656,STAT201
S2657,PHIL107
S2657,PHIL202
S2657,PHIL207
S2657,PHIL208
S2658,COMP105
S2658,COMP203
S2658,COMP204
S2658,COMP302
S2658,COMP306
S2658,ECON102
S2658,PSYC203
S2659,ECON102
S2659,ECON103
S2659,ECON202
S2659,ECON206
S2659,PSYC205
S2659,STAT104
S2660,ECON101
S2660,ECON105
S2660,ECON208
S2660,PSYC105
S2660,PSYC205
S2660,PSYC303
S2661,COMP109
S2661,ECON201
S2661,PHIL104
S2661,PHIL202
S2661,STAT107
S2662,ECON106
S2662,ECON507
S2662,PSYC307
S2662,PSYC403
S2662,PSYC407
S2662,PSYC501
S2663,ECON205
S2663,ECON303
S2663,MATH101
S2663,PSYC401
S2663,PSYC507
S2663,PSYC508
S2664,COMP102
S2664,MATH102
S2664,MATH107
S2664,MATH204
S2664,MATH307
S2665,COMP304
S2665,COMP306
S2665,COMP407
S2665,MATH108
S2665,PSYC202
S2666,MATH107
S2666,PSYC102
S2666,STAT206
S2666,STAT301
S2666,STAT402
S2667,COMP107
S2667,ECON304
S2667,ECON306
S2667,ECON407
S2667,STAT107
S2668,ECON203
S2668,ECON304
S2668,ECON401
S2668,ECON404
S2668,ECON408
S2668,PHIL105
S2668,STAT107
S2669,PHIL303
S2669,PHIL403
S2669,PHIL404
S2669,PHIL504
S2669,PHIL505
S2669,PSYC303
S2669,STAT106
S2670,PHIL104
S2670,PHIL208
S2670,PHIL306
S2670,STAT106
S2670,STAT308
S2671,COMP109
S2671,ECON108
S2671,MATH106
S2671,MATH206
S2672,COMP101
S2672,PSYC102
S2672,PSYC103
S2672,PSYC204
S2672,STAT104
S2673,COMP208
S2673,ECON303
S2673,ECON402
S2673,ECON503
S2673,ECON508
S2673,PSYC107
S2674,COMP107
S2674,COMP206
S2674,COMP304
S2674,COMP306
S2674,ECON101
S2674,STAT101
S2675,COMP205
S2675,PHIL108
S2675,PHIL205
S2675,PHIL302
S2675,PHIL305
S2675,PHIL308
S2676,ECON304
S2676,ECON403
S2676,ECON404
S2676,ECON408
S2676,ECON503
S2676,ECON505
S2677,ECON202
S2677,ECON208
S2677,ECON301
S2677,ECON302
S2677,ECON305
S2677,ECON407
S2678,ECON201
S2678,ECON207
S2678,ECON304
S2678,ECON404
S2678,ECON406
S2678,MATH203
S2678,PSYC307
S2679,COMP302
S2679,PSYC404
S2679,PSYC503
S2679,PSYC504
S2679,STAT108
S2680,ECON407
S2680,MATH205
S2680,MATH304
S2680,MATH406
S2680,MATH409
S2681,COMP106
S2681,PHIL202
S2681,STAT205
S2681,STAT208
S2681,STAT403
S2681,STAT407
S2682,COMP308
S2682,ECON101
S2682,ECON102
S2682,ECON106
S2682,ECON201
S2682,ECON206
S2682,MATH101
S2683,COMP102
S2683,COMP109
S2683,PSYC201
S2683,PSYC205
S2683,PSYC306
S2683,PSYC401
S2683,STAT207
S2684,COMP105
S2684,COMP402
S2684,STAT105
S2684,STAT107
S2684,STAT201
S2684,STAT204
S2684,STAT207
S2685,PHIL306
S2685,PSYC105
S2685,PSYC106
S2685,PSYC208
S2685,PSYC307
S2685,PSYC308
S2685,STAT101
S2686,COMP103
S2686,COMP105
S2686,ECON106
S2686,PSYC206
S2686,PSYC307
S2686,PSYC308
S2686,PSYC407
S2687,MATH307
S2687,MATH402
S2687,MATH403
S2687,MATH406
S2687,MATH503
S2687,MATH506
S2688,COMP103
S2688,COMP107
S2688,COMP108
S2688,ECON106
S2688,PSYC103
S2689,COMP109
S2689,PSYC208
S2689,STAT108
S2689,STAT206
S2689,STAT303
S2689,STAT305
S2690,COMP205
S2690,MATH103
S2690,MATH309
S2690,PSYC207
S2690,STAT105
S2691,COMP206
S2691,MATH303
S2691,MATH307
S2691,MATH309
S2691,MATH403
S2691,MATH509
S2691,PHIL104
S2692,PHIL106
S2692,STAT304
S2692,STAT306
S2692,STAT402
S2692,STAT406
S2692,STAT501
S2692,STAT502
S2693,MATH302
S2693,MATH402
S2693,MATH403
S2693,MATH407
S2693,PSYC105
S2693,STAT103
S2694,MATH205
S2694,PHIL205
S2694,PHIL207
S2694,PHIL308
S2694,PHIL404
S2694,STAT206
S2695,COMP206
S2695,PSYC103
S2695,PSYC108
S2695,PSYC205
S2695,PSYC206
S2695,PSYC207
S2696,STAT206
S2696,STAT301
S2696,STAT303
S2696,STAT404
S2696,STAT407
S2697,STAT104
S2697,STAT106
S2697,STAT108
S2697,STAT203
S2697,STAT206
S2698,COMP308
S2698,ECON108
S2698,PSYC203
S2698,PSYC302
S2698,PSYC402
S2699,ECON108
S2699,ECON207
S2699,STAT101
S2699,STAT205
S2699,STAT206
S2699,STAT208
S2700,COMP103
S2700,PSYC103
S2700,PSYC104
S2700,PSYC108
S2700,PSYC207
S2700,PSYC208
S2700,PSYC308
S2701,ECON101
S2701,ECON103
S2701,ECON106
S2701,ECON208
S2701,MATH307
S2701,PSYC103
S2702,COMP105
S2702,COMP203
S2702,COMP204
S2702,MATH106
S2702,PSYC204
S2703,PHIL101
S2703,PHIL201
S2703,PSYC101
S2703,PSYC207
S2703,PSYC301
S2703,PSYC303
S2704,PSYC205
S2704,PSYC206
S2704,PSYC306
S2704,PSYC307
S2704,STAT102
S2705,MATH103
S2705,MATH104
S2705,MATH207
S2705,STAT108
S2705,STAT504
S2706,ECON307
S2706,ECON403
S2706,ECON407
S2706,ECON408
S2706,PSYC204
S2707,PHIL101
S2707,PSYC403
S2707,PSYC405
S2707,PSYC505
S2707,PSYC506
S2708,ECON102
S2708,MATH107
S2708,PHIL105
S2708,PHIL202
S2708,PSYC305
S2709,ECON105
S2709,PHIL102
S2709,PHIL103
S2709,PHIL203
S2709,PHIL204
S2709,PHIL208
S2709,PSYC102
S2710,ECON105
S2710,ECON107
S2710,ECON201
S2710,PHIL301
S2710,PSYC202
S2710,PSYC207
S2711,MATH402
S2711,MATH503
S2711,MATH506
S2711,STAT105
S2711,STAT306
S2712,COMP401
S2712,ECON204
S2712,MATH104
S2712,MATH202
S2712,MATH204
S2713,MATH104
S2713,PHIL204
S2713,PSYC102
S2713,PSYC208
S2713,STAT406
S2714,COMP108
S2714,COMP405
S2714,STAT303
S2714,STAT305
S2714,STAT306
S2714,STAT406
S2715,ECON206
S2715,ECON301
S2715,MATH202
S2715,MATH205
S2715,MATH303
S2715,MATH308
S2715,MATH402
S2716,COMP104
S2716,COMP105
S2716,COMP106
S2716,COMP202
S2716,PSYC101
S2716,PSYC106
S2717,ECON102
S2717,PHIL103
S2717,PHIL105
S2717,PHIL208
S2717,PHIL301
S2717,PHIL304
S2717,PHIL305
S2718,ECON103
S2718,ECON104
S2718,ECON105
S2718,ECON204
S2718,MATH107
S2718,PSYC201
S2719,MATH307
S2719,MATH309
S2719,MATH404
S2719,MATH407
S2719,MATH409
S2719,MATH503
S2719,MATH505
S2720,COMP102
S2720,COMP205
S2720,MATH101
S2720,PSYC202
S2720,PSYC301
S2721,ECON307
S2721,ECON402
S2721,ECON403
S2721,ECON502
S2721,ECON508
S2721,MATH109
S2721,MATH207
S2722,STAT301
S2722,STAT306
S2722,STAT408
S2722,STAT501
S2722,STAT504
S2722,STAT507
S2723,STAT102
S2723,STAT107
S2723,STAT202
S2723,STAT206
S2723,STAT207
S2724,COMP404
S2724,ECON108
S2724,MATH201
S2724,MATH206
S2724,MATH305
S2724,MATH407
S2724,MATH408
S2725,MATH102
S2725,MATH108
S2725,MATH109
S2725,MATH206
S2725,PSYC202
S2726,ECON108
S2726,MATH203
S2726,STAT204
S2726,STAT205
S2726,STAT206
S2726,STAT303
S2727,COMP102
S2727,COMP106
S2727,COMP202
S2727,PHIL103
S2727,STAT101
S2727,STAT104
S2728,ECON205
S2728,PHIL103
S2728,PHIL104
S2728,PHIL107
S2728,PHIL202
S2728,PHIL205
S2728,PSYC104
S2729,PHIL302
S2729,PHIL401
S2729,PHIL407
S2729,PHIL502
S2729,PHIL504
S2729,PHIL507
S2730,MATH204
S2730,PHIL302
S2730,PHIL308
S2730,STAT105
S2730,STAT106
S2730,STAT201
S2731,ECON303
S2731,ECON305
S2731,ECON307
S2731,ECON407
S2731,ECON507
S2732,COMP206
S2732,PHIL206
S2732,PSYC203
S2732,PSYC206
S2732,PSYC207
S2732,PSYC303
S2732,PSYC406
S2733,MATH105
S2733,PHIL102
S2733,PHIL106
S2733,PHIL201
S2733,PHIL206
S2733,PSYC106
S2734,COMP102
S2734,PHIL107
S2734,PSYC403
S2734,PSYC408
S2734,PSYC503
S2735,COMP104
S2735,COMP209
S2735,COMP306
S2735,COMP308
S2735,MATH109
S2735,MATH201
S2735,STAT308
S2736,PHIL408
S2736,PSYC202
S2736,STAT208
S2736,STAT304
S2736,STAT307
S2737,COMP202
S2737,PHIL105
S2737,STAT103
S2737,STAT303
S2737,STAT304
S2738,ECON203
S2738,PSYC102
S2738,PSYC204
S2738,PSYC205
S2738,PSYC208
S2739,ECON104
S2739,PHIL103
S2739,PSYC101
S2739,PSYC206
S2739,STAT101
S2740,MATH306
S2740,PSYC104
S2740,PSYC205
S2740,PSYC207
S2740,STAT101
S2741,COMP204
S2741,COMP303
S2741,COMP304
S2741,COMP405
S2741,COMP406
S2741,COMP408
S2742,COMP109
S2742,ECON108
S2742,PHIL103
S2742,PHIL202
S2742,PHIL205
S2742,PHIL301
S2742,PHIL303
S2743,ECON205
S2743,STAT102
S2743,STAT106
S2743,STAT203
S2743,STAT206
S2744,COMP105
S2744,COMP201
S2744,COMP202
S2744,COMP302
S2744,COMP305
S2744,STAT206
S2745,MATH501
S2745,MATH503
S2745,PHIL301
S2745,PSYC106
S2745,STAT108
S2746,ECON207
S2746,MATH101
S2746,MATH204
S2746,PHIL301
S2746,PSYC403
S2747,MATH201
S2747,PHIL207
S2747,PHIL306
S2747,PHIL308
S2747,PHIL401
S2747,PHIL407
S2747,PSYC108
S2748,ECON101
S2748,ECON202
S2748,ECON205
S2748,PHIL101
S2748,PSYC105
S2749,ECON105
S2749,ECON108
S2749,ECON204
S2749,ECON304
S2749,ECON307
S2749,PSYC306
S2749,STAT207
S2750,MATH102
S2750,MATH201
S2750,MATH208
S2750,STAT102
S2750,STAT107
S2751,MATH101
S2751,MATH105
S2751,MATH202
S2751,MATH204
S2751,MATH209
S2752,MATH102
S2752,PSYC201
S2752,PSYC205
S2752,PSYC303
S2752,PSYC306
S2752,PSYC402
S2752,PSYC408
S2753,STAT401
S2753,STAT402
S2753,STAT502
S2754,STAT202
S2754,STAT205
S2754,STAT207
S2754,STAT402
S2754,STAT407
S2755,ECON101
S2755,MATH407
S2755,MATH408
S2755,MATH502
S2755,PHIL405
S2756,ECON205
S2756,ECON206
S2756,ECON302
S2756,ECON401
S2756,MATH102
S2756,PSYC203
S2757,COMP107
S2757,COMP209
S2757,COMP304
S2757,ECON306
S2757,MATH209
S2757,PHIL107
S2758,ECON104
S2758,ECON108
S2758,ECON201
S2758,ECON304
S2758,ECON308
S2758,PHIL103
S2759,COMP104
S2759,COMP105
S2759,COMP201
S2759,COMP305
S2759,PSYC108
S2759,PSYC305
S2760,ECON304
S2760,MATH104
S2760,PHIL102
S2760,PHIL201
S2760,PHIL202
S2760,PHIL301
S2760,PHIL308
S2761,COMP109
S2761,ECON101
S2761,ECON102
S2761,ECON205
S2761,PSYC103
S2761,STAT306
S2762,ECON104
S2762,ECON301
S2762,ECON308
S2762,MATH309
S2762,PHIL408
S2763,COMP301
S2763,COMP406
S2763,COMP407
S2763,COMP502
S2764,COMP104
S2764,COMP205
S2764,PSYC106
S2764,PSYC306
S2764,STAT303
S2765,COMP409
S2765,COMP507
S2765,COMP508
S2765,MATH304
S2765,STAT102
S2766,ECON303
S2766,ECON403
S2766,ECON408
S2766,ECON504
S2767,ECON405
S2767,ECON503
S2767,MATH102
S2767,PHIL306
S2768,COMP204
S2768,COMP301
S2768,COMP401
S2768,COMP406
S2768,PHIL301
S2768,PSYC105
S2769,ECON403
S2769,ECON406
S2769,ECON503
S2769,ECON505
S2769,ECON507
S2770,ECON306
S2770,ECON308
S2770,ECON401
S2770,ECON405
S2770,ECON506
S2770,ECON507
S2770,MATH209
S2771,ECON307
S2771,ECON401
S2771,ECON502
S2771,ECON506
S2771,ECON507
S2772,ECON102
S2772,ECON104
S2772,ECON206
S2772,PHIL103
S2772,STAT205
S2773,MATH105
S2773,MATH203
S2773,MATH208
S2773,PHIL108
S2773,STAT104
S2773,STAT107
S2774,MATH101
S2774,MATH106
S2774,MATH201
S2774,MATH202
S2774,MATH204
S2774,MATH302
S2775,ECON102
S2775,ECON106
S2775,ECON107
S2775,ECON206
S2775,ECON305
S2775,PSYC304
S2776,PHIL105
S2776,PHIL107
S2776,PHIL108
S2776,PHIL202
S2776,PHIL206
S2776,PHIL302
S2776,PHIL307
S2777,COMP101
S2777,COMP202
S2777,COMP203
S2777,COMP301
S2777,COMP306
S2777,ECON302
S2777,MATH404
S2778,PSYC103
S2778,PSYC104
S2778,PSYC201
S2778,PSYC205
S2778,PSYC206
S2779,ECON302
S2779,MATH108
S2779,PHIL105
S2779,STAT307
S2779,STAT404
S2779,STAT504
S2779,STAT506
S2780,COMP105
S2780,COMP201
S2780,COMP302
S2780,COMP305
S2780,COMP308
S2780,PHIL303
S2780,PSYC107
S2781,ECON207
S2781,PSYC201
S2781,PSYC203
S2781,PSYC204
S2781,PSYC304
S2781,PSYC308
S2781,STAT108
S2782,ECON101
S2782,ECON107
S2782,ECON108
S2782,ECON204
S2782,ECON207
S2783,PHIL108
S2783,PSYC102
S2783,STAT101
S2783,STAT201
S2783,STAT203
S2783,STAT204
S2784,STAT102
S2784,STAT105
S2784,STAT204
S2784,STAT207
S2785,COMP102
S2785,MATH102
S2785,PHIL103
S2785,PHIL106
S2785,PHIL108
S2785,PHIL206
S2786,COMP102
S2786,ECON102
S2786,ECON106
S2786,ECON301
S2786,ECON302
S2787,ECON402
S2787,ECON405
S2787,ECON501
S2787,ECON508
S2787,MATH203
S2788,MATH204
S2788,MATH205
S2788,MATH207
S2788,MATH301
S2788,MATH402
S2788,MATH406
S2788,MATH409
S2789,COMP302
S2789,COMP401
S2789,COMP405
S2789,COMP504
S2789,PSYC201
S2789,STAT105
S2790,COMP102
S2790,COMP208
S2790,ECON102
S2790,ECON201
S2790,MATH101
S2791,MATH103
S2791,MATH207
S2791,STAT202
S2791,STAT303
S2791,STAT307
S2792,ECON202
S2792,PHIL103
S2792,PSYC106
S2792,PSYC201
S2792,PSYC202
S2792,PSYC205
S2793,ECON302
S2793,ECON401
S2793,STAT307
S2793,STAT408
S2793,STAT505
S2793,STAT506
S2794,COMP108
S2794,COMP208
S2794,COMP309
S2794,PHIL404
S2794,STAT302
S2795,ECON201
S2795,PHIL303
S2795,PSYC201
S2795,PSYC202
S2795,PSYC308
S2796,MATH101
S2796,MATH105
S2796,MATH204
S2796,PHIL105
S2796,PSYC306
S2796,STAT104
S2797,COMP204
S2797,COMP301
S2797,COMP306
S2797,COMP406
S2797,STAT107
S2798,COMP307
S2798,PHIL201
S2798,PSYC107
S2798,PSYC202
S2798,PSYC305
S2798,STAT305
S2799,ECON106
S2799,MATH102
S2799,MATH107
S2799,MATH108
S2799,MATH205
S2799,MATH206
S2799,PSYC307
S2800,ECON103
S2800,ECON105
S2800,ECON201
S2800,ECON205
S2800,ECON208
S2800,ECON301
S2800,STAT207
S2801,COMP107
S2801,COMP202
S2801,COMP307
S2801,COMP309
S2801,ECON102
S2801,MATH103
S2801,STAT403
S2802,COMP102
S2802,COMP109
S2802,COMP203
S2802,MATH101
S2802,PSYC104
S2803,ECON101
S2803,STAT201
S2803,STAT203
S2803,STAT208
S2803,STAT302
S2803,STAT303
S2803,STAT401
S2804,ECON107
S2804,PSYC105
S2804,PSYC201
S2804,STAT104
S2804,STAT203
S2805,COMP109
S2805,COMP209
S2805,MATH106
S2805,PSYC104
S2806,MATH101
S2806,MATH103
S2806,MATH107
S2806,MATH204
S2806,MATH206
S2807,ECON308
S2807,MATH102
S2807,MATH206
S2807,MATH207
S2807,MATH305
S2807,MATH309
S2808,COMP107
S2808,ECON206
S2808,ECON308
S2808,ECON403
S2808,ECON406
S2808,MATH103
S2809,COMP204
S2809,COMP206
S2809,COMP304
S2809,COMP307
S2809,STAT307
S2810,ECON103
S2810,PSYC207
S2810,STAT307
S2810,STAT406
S2810,STAT407
S2811,COMP109
S2811,COMP204
S2811,COMP306
S2811,COMP307
S2811,MATH307
S2811,PHIL108
S2811,PSYC204
S2812,PHIL202
S2812,PSYC103
S2812,PSYC202
S2812,STAT308
S2813,STAT103
S2813,STAT106
S2813,STAT202
S2813,STAT207
S2813,STAT208
S2814,MATH106
S2814,PHIL102
S2814,STAT105
S2814,STAT206
S2814,STAT208
S2815,COMP101
S2815,ECON107
S2815,ECON108
S2815,STAT103
S2815,STAT204
S2815,STAT301
S2816,ECON106
S2816,PSYC104
S2816,STAT107
S2816,STAT205
S2816,STAT208
S2816,STAT303
S2817,ECON401
S2817,ECON404
S2817,ECON407
S2817,ECON506
S2818,PSYC201
S2818,PSYC208
S2818,PSYC301
S2818,PSYC308
S2818,STAT103
S2818,STAT204
S2819,COMP101
S2819,COMP103
S2819,COMP107
S2819,COMP202
S2819,PSYC508
S2819,STAT306
S2820,COMP102
S2820,ECON105
S2820,PHIL108
S2820,STAT101
S2820,STAT108
S2820,STAT202
S2820,STAT204
S2821,ECON204
S2821,STAT202
S2821,STAT208
S2821,STAT304
S2821,STAT305
S2821,STAT308
S2822,COMP104
S2822,COMP109
S2822,COMP202
S2822,COMP306
S2822,MATH103
S2822,PHIL305
S2822,STAT107
S2823,COMP208
S2823,MATH105
S2823,PSYC202
S2823,PSYC205
S2823,PSYC308
S2824,COMP107
S2824,COMP205
S2824,MATH403
S2824,MATH508
S2824,PSYC305
S2825,COMP308
S2825,MATH104
S2825,MATH106
S2825,MATH206
S2825,MATH301
S2825,PSYC102
S2826,COMP103
S2826,COMP303
S2826,PHIL106
S2826,PHIL202
S2826,PHIL207
S2827,COMP203
S2827,COMP206
S2827,COMP302
S2827,COMP305
S2827,ECON201
S2828,COMP201
S2828,PHIL107
S2828,STAT303
S2828,STAT305
S2828,STAT406
S2828,STAT503
S2828,STAT504
S2829,STAT203
S2829,STAT204
S2829,STAT306
S2829,STAT406
S2830,COMP201
S2830,ECON107
S2830,ECON202
S2830,ECON206
S2830,MATH103
S2830,STAT102
S2831,COMP107
S2831,COMP201
S2831,COMP203
S2831,PHIL107
S2831,PSYC202
S2832,COMP107
S2832,COMP301
S2832,COMP304
S2832,COMP305
S2832,PHIL104
S2832,PHIL303
S2832,PSYC402
S2833,COMP301
S2833,ECON105
S2833,PHIL405
S2833,PHIL505
S2833,PSYC107
S2834,COMP102
S2834,COMP103
S2834,COMP208
S2834,ECON203
S2834,PHIL103
S2835,COMP105
S2835,COMP201
S2835,PHIL208
S2835,PSYC305
S2836,MATH302
S2836,MATH307
S2836,MATH407
S2836,PHIL102
S2836,PHIL108
S2837,ECON308
S2837,ECON405
S2837,ECON508
S2837,MATH303
S2837,PHIL106
S2837,STAT104
S2838,COMP109
S2838,COMP204
S2838,ECON101
S2838,PHIL104
S2838,PSYC101
S2839,COMP103
S2839,COMP108
S2839,COMP209
S2839,MATH205
S2839,MATH302
S2839,PSYC105
S2840,ECON106
S2840,MATH309
S2840,MATH408
S2840,MATH501
S2840,MATH505
S2840,MATH507
S2841,COMP201
S2841,MATH203
S2841,STAT101
S2841,STAT102
S2841,STAT104
S2841,STAT208
S2842,COMP102
S2842,COMP209
S2842,ECON106
S2842,ECON305
S2842,MATH108
S2843,MATH107
S2843,MATH206
S2843,PHIL303
S2843,PHIL305
S2843,PHIL407
S2843,PHIL505
S2844,MATH106
S2844,PHIL102
S2844,PSYC208
S2844,PSYC301
S2844,PSYC303
S2844,PSYC408
S2845,PSYC205
S2845,PSYC208
S2845,PSYC302
S2845,PSYC408
S2846,PSYC303
S2846,PSYC307
S2846,PSYC401
S2846,PSYC404
S2846,PSYC503
S2846,PSYC506
S2846,STAT108
S2847,COMP407
S2847,COMP509
S2847,ECON103
S2847,MATH105
S2847,STAT104
S2848,ECON101
S2848,ECON202
S2848,ECON205
S2848,ECON206
S2848,PHIL101
S2848,PHIL401
S2848,PSYC103
S2849,COMP105
S2849,COMP106
S2849,COMP207
S2849,MATH207
S2849,STAT202
S2850,ECON202
S2850,MATH108
S2850,PSYC102
S2850,PSYC104
S2850,PSYC208
S2850,STAT104
S2851,ECON202
S2851,ECON206
S2851,ECON207
S2851,ECON305
S2851,MATH309
S2852,MATH105
S2852,MATH109
S2852,PHIL102
S2852,PHIL108
S2852,PHIL204
S2852,PHIL208
S2853,PHIL403
S2853,PHIL503
S2853,PHIL506
S2854,COMP103
S2854,COMP106
S2854,COMP108
S2854,COMP201
S2854,COMP302
S2855,ECON106
S2855,PHIL104
S2855,PHIL202
S2855,PHIL203
S2855,PHIL206
S2855,PHIL308
S2855,STAT203
S2856,ECON205
S2856,ECON207
S2856,ECON305
S2856,ECON307
S2856,STAT105
S2857,COMP303
S2857,PHIL203
S2857,STAT402
S2857,STAT407
S2857,STAT506
S2858,ECON201
S2858,ECON301
S2858,MATH101
S2858,STAT101
S2858,STAT108
S2859,ECON105
S2859,PHIL105
S2859,PHIL201
S2859,PHIL301
S2859,PSYC403
S2860,MATH101
S2860,MATH102
S2860,MATH108
S2860,MATH203
S2860,PSYC102
S2860,STAT308
S2861,PSYC101
S2861,PSYC202
S2861,PSYC307
S2862,MATH201
S2862,MATH304
S2862,MATH305
S2862,MATH307
S2862,MATH403
S2862,MATH409
S2863,COMP109
S2863,COMP206
S2863,ECON106
S2863,ECON204
S2863,ECON207
S2864,COMP205
S2864,ECON205
S2864,PHIL101
S2864,PHIL104
S2864,PHIL201
S2865,MATH104
S2865,MATH201
S2865,MATH203
S2865,MATH207
S2865,STAT104
S2866,ECON101
S2866,ECON104
S2866,PHIL206
S2866,PHIL307
S2866,PHIL308
S2866,PHIL403
S2866,PHIL406
S2867,PSYC105
S2867,PSYC207
S2867,PSYC301
S2867,PSYC302
S2868,COMP106
S2868,COMP109
S2868,ECON103
S2868,ECON106
S2868,ECON207
S2868,ECON306
S2868,STAT207
S2869,MATH203
S2869,MATH208
S2869,MATH303
S2869,MATH304
S2869,MATH309
S2869,PHIL101
S2870,PHIL108
S2870,PHIL201
S2870,PHIL301
S2870,PHIL302
S2870,PSYC201
S2871,MATH103
S2871,MATH402
S2871,PHIL101
S2871,PHIL106
S2871,PHIL203
S2871,PHIL306
S2871,PHIL308
S2872,COMP104
S2872,STAT106
S2872,STAT107
S2872,STAT108
S2872,STAT205
S2872,STAT305
S2873,PHIL303
S2873,PSYC106
S2873,STAT402
S2873,STAT404
S2873,STAT406
S2873,STAT507
S2874,COMP401
S2874,COMP404
S2874,COMP501
S2874,COMP502
S2874,COMP508
S2875,COMP104
S2875,MATH109
S2875,MATH201
S2875,MATH205
S2875,MATH206
S2875,PSYC203
S2876,ECON103
S2876,ECON202
S2876,ECON307
S2876,PHIL103
S2876,STAT301
S2876,STAT505
S2877,COMP101
S2877,COMP104
S2877,COMP205
S2877,COMP207
S2877,COMP209
S2877,MATH206
S2877,PSYC105
S2878,ECON301
S2878,ECON303
S2878,ECON306
S2878,ECON402
S2878,ECON403
S2878,ECON405
S2879,PHIL103
S2879,PHIL203
S2879,PHIL207
S2879,PHIL303
S2879,PHIL308
S2879,STAT106
S2880,MATH107
S2880,MATH305
S2880,PSYC108
S2880,STAT102
S2880,STAT107
S2880,STAT201
S2880,STAT202
S2881,ECON106
S2881,MATH203
S2881,PHIL204
S2881,PHIL308
S2881,PHIL407
S2882,ECON107
S2882,MATH202
S2882,PSYC402
S2882,PSYC506
S2882,PSYC507
S2882,STAT103
S2883,MATH103
S2883,PSYC207
S2883,STAT101
S2883,STAT104
S2883,STAT105
S2883,STAT205
S2884,MATH203
S2884,PHIL104
S2884,PHIL202
S2884,PHIL206
S2884,STAT203
S2885,COMP203
S2885,PSYC202
S2885,PSYC206
S2885,STAT206
S2885,STAT308
S2886,PHIL106
S2886,STAT308
S2886,STAT401
S2886,STAT403
S2886,STAT408
S2887,COMP204
S2887,ECON308
S2887,PHIL103
S2887,PHIL104
S2887,PHIL202
S2887,PHIL208
S2887,PSYC405
S2888,STAT101
S2888,STAT106
S2888,STAT201
S2888,STAT205
S2888,STAT206
S2889,ECON101
S2889,ECON201
S2889,ECON304
S2889,ECON308
S2890,COMP208
S2890,MATH101
S2890,MATH208
S2890,MATH308
S2890,MATH309
S2890,PSYC204
S2891,ECON306
S2891,ECON404
S2891,ECON502
S2891,ECON503
S2891,ECON508
S2891,MATH104
S2891,MATH201
S2892,COMP205
S2892,COMP302
S2892,COMP401
S2892,ECON101
S2892,PHIL304
S2892,PSYC102
S2893,COMP102
S2893,COMP108
S2893,COMP201
S2893,COMP209
S2893,PHIL307
S2893,PSYC101
S2894,PHIL304
S2894,PHIL307
S2894,PHIL401
S2894,PHIL404
S2894,PHIL406
S2894,PHIL501
S2895,COMP204
S2895,COMP303
S2895,COMP309
S2895,COMP402
S2895,ECON107
S2895,MATH204
S2896,PSYC203
S2896,PSYC208
S2896,PSYC302
S2896,PSYC304
S2896,PSYC308
S2896,STAT102
S2897,PHIL207
S2897,PHIL302
S2897,PHIL303
S2897,PHIL404
S2897,PHIL405
S2897,PHIL408
S2897,STAT103
S2898,COMP101
S2898,COMP106
S2898,COMP201
S2898,COMP202
S2898,COMP205
S2898,COMP303
S2898,COMP305
S2899,ECON305
S2899,PHIL303
S2899,PHIL404
S2899,PHIL407
S2899,PSYC304
S2900,PHIL402
S2900,PHIL404
S2900,PHIL504
S2901,MATH107
S2901,STAT201
S2901,STAT203
S2901,STAT303
S2901,STAT402
S2901,STAT406
S2901,STAT407
S2902,ECON104
S2902,ECON201
S2903,MATH102
S2903,PSYC307
S2903,PSYC404
S2903,PSYC407
S2903,PSYC507
S2903,STAT102
S2904,COMP206
S2904,COMP303
S2904,COMP308
S2904,COMP309
S2904,COMP408
S2905,COMP102
S2905,MATH304
S2905,MATH403
S2905,MATH404
S2905,MATH408
S2906,MATH306
S2906,PHIL105
S2906,PHIL108
S2906,PHIL208
S2906,STAT307
S2907,MATH205
S2907,MATH306
S2907,MATH307
S2907,PHIL101
S2907,PSYC202
S2908,COMP101
S2908,STAT102
S2908,STAT201
S2908,STAT202
S2908,STAT203
S2909,STAT102
S2909,STAT104
S2909,STAT108
S2909,STAT203
S2910,PHIL403
S2910,PHIL407
S2910,PHIL502
S2910,PHIL504
S2910,PHIL507
S2911,ECON108
S2911,MATH106
S2911,MATH107
S2911,MATH202
S2911,MATH209
S2912,ECON205
S2912,ECON306
S2912,ECON408
S2912,PHIL101
S2912,STAT202
S2913,ECON102
S2913,ECON105
S2913,PHIL104
S2913,PHIL105
S2913,PHIL201
S2914,MATH105
S2914,PSYC407
S2914,PSYC501
S2914,PSYC507
S2914,STAT107
S2915,COMP104
S2915,MATH104
S2915,MATH107
S2915,PHIL103
S2915,PHIL105
S2915,PHIL205
S2916,MATH305
S2916,MATH309
S2916,MATH401
S2916,MATH404
S2916,PHIL206
S2917,COMP203
S2917,COMP206
S2917,COMP208
S2917,COMP308
S2917,COMP401
S2918,COMP304
S2918,COMP403
S2918,COMP502
S2918,COMP505
S2918,ECON105
S2918,MATH102
S2918,STAT306
S2919,PSYC104
S2919,PSYC106
S2919,PSYC306
S2919,STAT102
S2919,STAT107
S2920,COMP201
S2920,PSYC107
S2920,STAT101
S2920,STAT108
S2920,STAT201
S2921,ECON102
S2921,ECON304
S2921,STAT103
S2921,STAT206
S2921,STAT208
S2922,ECON203
S2922,ECON304
S2922,ECON403
S2922,ECON404
S2922,PSYC306
S2922,STAT107
S2923,MATH207
S2923,PHIL104
S2923,STAT202
S2923,STAT307
S2923,STAT404
S2923,STAT406
S2923,STAT408
S2924,PSYC101
S2924,PSYC103
S2924,PSYC104
S2924,PSYC202
S2924,PSYC203
S2924,PSYC204
S2924,STAT205
S2925,MATH107
S2925,PHIL103
S2925,PSYC105
S2925,PSYC107
S2925,PSYC203
S2925,PSYC204
S2926,ECON306
S2926,PHIL305
S2926,PHIL502
S2926,PHIL508
S2926,PSYC104
S2926,PSYC201
S2927,STAT301
S2927,STAT303
S2927,STAT307
S2927,STAT405
S2927,STAT502
S2928,PSYC302
S2928,PSYC303
S2928,PSYC402
S2928,PSYC403
S2928,PSYC406
S2928,PSYC502
S2928,PSYC503
S2929,COMP409
S2929,PHIL407
S2929,PHIL408
S2929,PHIL507
S2929,PSYC101
S2930,COMP302
S2930,COMP402
S2930,COMP503
S2930,COMP509
S2930,ECON105
S2931,ECON202
S2931,ECON203
S2931,ECON206
S2931,ECON308
S2931,STAT103
S2932,ECON105
S2932,ECON108
S2932,ECON208
S2932,ECON301
S2932,ECON305
S2933,COMP105
S2933,COMP109
S2933,COMP208
S2933,PHIL101
S2933,STAT402
S2934,PSYC101
S2934,PSYC102
S2934,PSYC103
S2934,PSYC208
S2934,PSYC301
S2934,PSYC304
S2935,COMP102
S2935,COMP108
S2935,COMP205
S2936,ECON301
S2936,MATH107
S2936,PSYC101
S2936,PSYC102
S2936,PSYC205
S2937,STAT302
S2937,STAT308
S2937,STAT405
S2937,STAT501
S2937,STAT503
S2938,PHIL101
S2938,PHIL104
S2938,PHIL201
S2938,PHIL208
S2938,STAT202
S2939,COMP202
S2939,PHIL201
S2939,STAT104
S2939,STAT106
S2939,STAT108
S2939,STAT208
S2940,COMP104
S2940,COMP106
S2940,COMP208
S2940,ECON104
S2940,MATH108
S2940,PHIL107
S2941,ECON101
S2941,ECON102
S2941,ECON106
S2941,ECON202
S2941,ECON308
S2941,STAT107
S2942,COMP108
S2942,COMP205
S2942,COMP208
S2942,COMP309
S2942,PHIL305
S2942,PSYC104
S2943,COMP108
S2943,MATH101
S2943,MATH107
S2943,MATH207
S2943,PSYC206
S2944,MATH107
S2944,PSYC204
S2944,PSYC301
S2944,PSYC303
S2944,PSYC401
S2945,COMP106
S2945,ECON205
S2945,PHIL105
S2945,PHIL107
S2945,PHIL201
S2945,PHIL205
S2945,PHIL208
S2946,MATH303
S2946,MATH405
S2946,MATH407
S2946,MATH501
S2946,STAT102
S2947,COMP101
S2947,COMP202
S2947,PHIL301
S2947,PHIL302
S2947,PHIL403
S2947,PHIL504
S2947,PSYC207
S2948,COMP104
S2948,PSYC202
S2948,STAT304
S2948,STAT405
S2948,STAT408
S2948,STAT503
S2948,STAT508
S2949,ECON105
S2949,ECON107
S2949,PSYC108
S2949,PSYC203
S2949,PSYC205
S2949,STAT106
S2950,ECON201
S2950,ECON202
S2950,ECON206
S2950,PHIL201
S2950,STAT103
S2950,STAT105
S2951,COMP109
S2951,ECON301
S2951,ECON302
S2951,ECON306
S2951,ECON402
S2951,ECON501
S2951,ECON505
S2952,ECON106
S2952,ECON307
S2952,MATH301
S2952,MATH402
S2952,MATH406
S2953,ECON101
S2953,ECON103
S2953,ECON108
S2953,ECON202
S2953,PHIL306
S2953,STAT101
S2954,ECON101
S2954,PHIL208
S2954,STAT207
S2954,STAT307
S2954,STAT401
S2954,STAT404
S2955,COMP209
S2955,COMP308
S2955,ECON103
S2955,ECON202
S2955,ECON207
S2955,PSYC105
S2956,COMP201
S2956,COMP304
S2956,ECON103
S2956,STAT101
S2956,STAT201
S2956,STAT202
S2956,STAT206
S2957,COMP102
S2957,COMP103
S2957,COMP201
S2957,ECON304
S2957,PSYC104
S2957,STAT104
S2958,ECON201
S2958,MATH103
S2958,PSYC307
S2958,PSYC404
S2958,PSYC408
S2959,MATH306
S2959,MATH401
S2959,MATH507
S2959,PHIL104
S2959,PHIL203
S2960,COMP308
S2960,ECON207
S2960,ECON308
S2960,ECON405
S2960,PHIL106
S2961,MATH101
S2961,PHIL107
S2961,PHIL205
S2961,PHIL207
S2961,PHIL303
S2961,PHIL304
S2961,PHIL306
S2962,MATH404
S2962,PHIL103
S2962,PSYC405
S2962,PSYC408
S2962,PSYC507
S2963,COMP107
S2963,COMP209
S2963,STAT107
S2963,STAT108
S2963,STAT208
S2964,COMP101
S2964,ECON201
S2964,ECON205
S2964,ECON404
S2964,ECON408
S2964,PSYC102
S2964,STAT107
S2965,ECON105
S2965,ECON306
S2965,MATH102
S2965,MATH208
S2965,MATH209
S2965,PSYC107
S2966,ECON105
S2966,ECON106
S2966,ECON107
S2966,ECON201
S2966,STAT103
S2966,STAT106
S2967,ECON201
S2967,ECON303
S2967,ECON304
S2967,ECON401
S2967,ECON406
S2967,PSYC204
S2967,STAT207
S2968,COMP204
S2968,ECON202
S2968,ECON204
S2968,ECON301
S2968,MATH209
S2969,ECON307
S2969,PHIL103
S2969,PHIL105
S2969,PSYC107
S2969,PSYC202
S2969,PSYC207
S2970,COMP103
S2970,MATH105
S2970,MATH309
S2970,PHIL101
S2970,PHIL105
S2970,PHIL201
S2970,PHIL205
S2971,MATH106
S2971,MATH204
S2971,MATH206
S2971,MATH209
S2971,MATH305
S2971,PHIL103
S2972,COMP203
S2972,MATH106
S2972,MATH204
S2972,MATH301
S2972,MATH306
S2972,PSYC207
S2972,STAT206
S2973,MATH206
S2973,STAT101
S2973,STAT107
S2973,STAT108
S2973,STAT202
S2973,STAT206
S2973,STAT302
S2974,COMP106
S2974,ECON201
S2974,PSYC103
S2974,PSYC104
S2974,PSYC207
S2975,MATH204
S2975,MATH208
S2975,STAT206
S2975,STAT302
S2975,STAT303
S2975,STAT308
S2975,STAT401
S2976,MATH204
S2976,PHIL207
S2976,PHIL304
S2976,PHIL308
S2976,PHIL404
S2976,PSYC103
S2977,COMP207
S2977,ECON106
S2977,PHIL102
S2977,PHIL105
S2977,PHIL203
S2977,PHIL208
S2977,PSYC305
S2978,COMP401
S2978,ECON103
S2978,PHIL102
S2978,PHIL207
S2978,PSYC203
S2979,ECON108
S2979,PHIL202
S2979,STAT107
S2979,STAT203
S2979,STAT205
S2980,COMP103
S2980,ECON205
S2980,MATH107
S2980,STAT106
S2980,STAT201
S2981,COMP103
S2981,COMP106
S2981,COMP202
S2981,COMP205
S2981,COMP207
S2982,ECON102
S2982,MATH105
S2982,PHIL301
S2982,PHIL401
S2982,PHIL501
S2982,PHIL508
S2983,ECON202
S2983,ECON204
S2983,ECON305
S2983,ECON308
S2983,PSYC101
S2983,STAT102
S2984,MATH104
S2984,MATH206
S2984,MATH303
S2984,MATH304
S2984,MATH308
S2984,PSYC103
S2984,STAT104
S2985,COMP303
S2985,PHIL102
S2985,PHIL108
S2985,PHIL205
S2985,PHIL207
S2985,PHIL302
S2985,PHIL303
S2986,ECON104
S2986,PHIL208
S2986,PHIL301
S2986,PHIL308
S2986,PHIL402
S2987,COMP104
S2987,COMP106
S2987,COMP202
S2987,ECON102
S2987,ECON307
S2988,ECON108
S2988,MATH501
S2988,PHIL107
S2988,STAT105
S2988,STAT108
S2988,STAT204
S2989,COMP103
S2989,MATH202
S2989,MATH206
S2989,PSYC102
S2989,PSYC103
S2989,PSYC104
S2989,PSYC204
S2990,COMP102
S2990,COMP206
S2990,MATH106
S2990,MATH107
S2990,MATH205
S2990,MATH305
S2990,STAT202
S2991,COMP201
S2991,PHIL202
S2991,PSYC103
S2991,PSYC203
S2991,PSYC302
S2992,MATH105
S2992,PHIL203
S2992,PSYC107
S2992,PSYC108
S2992,PSYC206
S2992,PSYC306
S2993,COMP209
S2993,MATH308
S2993,STAT405
S2993,STAT501
S2993,STAT502
S2993,STAT503
S2994,COMP104
S2994,COMP202
S2994,COMP208
S2994,COMP302
S2994,ECON305
S2994,MATH105
S2994,PHIL302
S2995,COMP108
S2995,COMP109
S2995,COMP201
S2995,COMP203
S2995,COMP207
S2995,PHIL107
S2995,PSYC203
S2996,STAT203
S2996,STAT206
S2996,STAT307
S2996,STAT402
S2996,STAT404
S2996,STAT405
S2997,MATH303
S2997,MATH304
S2997,MATH402
S2997,MATH404
S2997,MATH504
S2998,COMP101
S2998,COMP102
S2998,COMP206
S2998,ECON203
S2998,PSYC107
S2999,STAT204
S2999,STAT308
S2999,STAT403
S2999,STAT405
S2999,STAT408
S3000,PHIL401
S3000,PHIL407
S3000,PHIL505
S3000,PHIL507
S3000,PSYC207
